konum,tarih,saat,sahne,yorunge,kapsama,gemi,buyuk_gemi,deniz_medyan_db,esik_db
fuceyre,2025-07-07,14:17,S1A_IW_GRDH_1SDV_20250707T141652_20250707T141717_059979_077376_rtc,ascending,1.0,146,133,-23.21,-14.21
fuceyre,2025-07-10,02:07,S1A_IW_GRDH_1SDV_20250710T020728_20250710T020753_060015_rtc,descending,1.0,195,149,-27.51,-18.0
fuceyre,2025-07-19,14:17,S1A_IW_GRDH_1SDV_20250719T141651_20250719T141716_060154_rtc,ascending,1.0,159,141,-23.1,-14.1
fuceyre,2025-07-22,02:07,S1A_IW_GRDH_1SDV_20250722T020728_20250722T020753_060190_rtc,descending,1.0,176,128,-27.29,-18.0
fuceyre,2025-07-25,14:15,S1C_IW_GRDH_1SDV_20250725T141546_20250725T141611_003378_rtc,ascending,1.0,154,127,-25.45,-16.45
fuceyre,2025-07-28,02:06,S1C_IW_GRDH_1SDV_20250728T020626_20250728T020700_003414_rtc,descending,1.0,180,131,-29.74,-18.0
fuceyre,2025-07-31,14:17,S1A_IW_GRDH_1SDV_20250731T141651_20250731T141716_060329_rtc,ascending,1.0,144,128,-22.99,-13.99
fuceyre,2025-08-03,02:07,S1A_IW_GRDH_1SDV_20250803T020727_20250803T020752_060365_rtc,descending,1.0,178,129,-27.34,-18.0
fuceyre,2025-08-06,14:15,S1C_IW_GRDH_1SDV_20250806T141547_20250806T141611_003553_rtc,ascending,1.0,136,117,-25.6,-16.6
fuceyre,2025-08-09,02:06,S1C_IW_GRDH_1SDV_20250809T020627_20250809T020701_003589_rtc,descending,1.0,172,129,-29.5,-18.0
fuceyre,2025-08-12,14:17,S1A_IW_GRDH_1SDV_20250812T141651_20250812T141716_060504_rtc,ascending,1.0,150,130,-23.2,-14.2
fuceyre,2025-08-15,02:07,S1A_IW_GRDH_1SDV_20250815T020727_20250815T020752_060540_078763_rtc,descending,1.0,186,131,-27.24,-18.0
fuceyre,2025-08-18,14:15,S1C_IW_GRDH_1SDV_20250818T141547_20250818T141612_003728_007721_rtc,ascending,1.0,154,126,-25.6,-16.6
fuceyre,2025-08-21,02:06,S1C_IW_GRDH_1SDV_20250821T020627_20250821T020701_003764_007836_rtc,descending,1.0,179,131,-29.54,-18.0
fuceyre,2025-08-24,14:17,S1A_IW_GRDH_1SDV_20250824T141651_20250824T141716_060679_078CDE_rtc,ascending,1.0,144,128,-23.15,-14.15
fuceyre,2025-08-27,02:07,S1A_IW_GRDH_1SDV_20250827T020728_20250827T020753_060715_078E48_rtc,descending,1.0,197,151,-27.05,-18.0
fuceyre,2025-08-30,14:16,S1C_IW_GRDH_1SDV_20250830T141547_20250830T141612_003903_007C5C_rtc,ascending,1.0,157,132,-25.62,-16.62
fuceyre,2025-09-02,02:06,S1C_IW_GRDH_1SDV_20250902T020628_20250902T020701_003939_007D7E_rtc,descending,1.0,172,128,-29.93,-18.0
fuceyre,2025-09-05,14:17,S1A_IW_GRDH_1SDV_20250905T141651_20250905T141716_060854_0793CE_rtc,ascending,1.0,138,127,-23.13,-14.13
fuceyre,2025-09-08,02:07,S1A_IW_GRDH_1SDV_20250908T020728_20250908T020753_060890_07953C_rtc,descending,1.0,200,154,-27.7,-18.0
fuceyre,2025-09-11,14:16,S1C_IW_GRDH_1SDV_20250911T141548_20250911T141613_004078_0081AB_rtc,ascending,1.0,195,154,-25.67,-16.67
fuceyre,2025-09-14,02:06,S1C_IW_GRDH_1SDV_20250914T020628_20250914T020702_004114_0082CD_rtc,descending,1.0,180,124,-29.63,-18.0
fuceyre,2025-09-17,14:17,S1A_IW_GRDH_1SDV_20250917T141651_20250917T141716_061029_079AD4_rtc,ascending,1.0,151,134,-23.03,-14.03
fuceyre,2025-09-20,02:07,S1A_IW_GRDH_1SDV_20250920T020728_20250920T020753_061065_079C3E_rtc,descending,1.0,176,132,-27.52,-18.0
fuceyre,2025-09-23,14:16,S1C_IW_GRDH_1SDV_20250923T141548_20250923T141613_004253_0086F9_rtc,ascending,1.0,155,121,-25.85,-16.85
fuceyre,2025-09-26,02:06,S1C_IW_GRDH_1SDV_20250926T020628_20250926T020702_004289_008817_rtc,descending,1.0,176,132,-30.0,-18.0
fuceyre,2025-09-29,14:17,S1A_IW_GRDH_1SDV_20250929T141652_20250929T141717_061204_07A1DF_rtc,ascending,1.0,152,135,-23.36,-14.36
fuceyre,2025-10-02,02:07,S1A_IW_GRDH_1SDV_20251002T020728_20251002T020753_061240_07A352_rtc,descending,1.0,194,151,-27.61,-18.0
fuceyre,2025-10-05,14:16,S1C_IW_GRDH_1SDV_20251005T141548_20251005T141613_004428_008C50_rtc,ascending,1.0,192,155,-25.79,-16.79
fuceyre,2025-10-08,02:06,S1C_IW_GRDH_1SDV_20251008T020629_20251008T020703_004464_008D71_rtc,descending,1.0,178,132,-30.08,-18.0
fuceyre,2025-10-11,14:17,S1A_IW_GRDH_1SDV_20251011T141652_20251011T141717_061379_07A8EC_rtc,ascending,1.0,139,121,-23.11,-14.11
fuceyre,2025-10-14,02:07,S1A_IW_GRDH_1SDV_20251014T020729_20251014T020754_061415_07AA5B_rtc,descending,1.0,169,126,-27.59,-18.0
fuceyre,2025-10-17,14:16,S1C_IW_GRDH_1SDV_20251017T141549_20251017T141614_004603_00919F_rtc,ascending,1.0,165,139,-25.67,-16.67
fuceyre,2025-10-20,02:06,S1C_IW_GRDH_1SDV_20251020T020629_20251020T020703_004639_0092BB_rtc,descending,1.0,172,131,-29.9,-18.0
fuceyre,2025-10-23,14:17,S1A_IW_GRDH_1SDV_20251023T141652_20251023T141717_061554_07AFF4_rtc,ascending,1.0,156,130,-23.17,-14.17
fuceyre,2025-10-26,02:07,S1A_IW_GRDH_1SDV_20251026T020728_20251026T020753_061590_07B161_rtc,descending,1.0,199,150,-27.58,-18.0
fuceyre,2025-10-29,14:16,S1C_IW_GRDH_1SDV_20251029T141548_20251029T141613_004778_0096EB_rtc,ascending,1.0,177,142,-25.78,-16.78
fuceyre,2025-11-01,02:06,S1C_IW_GRDH_1SDV_20251101T020629_20251101T020702_004814_00982C_rtc,descending,1.0,195,150,-29.78,-18.0
fuceyre,2025-11-04,14:17,S1A_IW_GRDH_1SDV_20251104T141651_20251104T141716_061729_07B6E4_rtc,ascending,1.0,141,132,-23.2,-14.2
fuceyre,2025-11-07,02:07,S1A_IW_GRDH_1SDV_20251107T020728_20251107T020753_061765_07B843_rtc,descending,1.0,173,133,-27.75,-18.0
fuceyre,2025-11-10,14:16,S1C_IW_GRDH_1SDV_20251110T141548_20251110T141613_004953_009CC3_rtc,ascending,1.0,178,139,-25.85,-16.85
fuceyre,2025-11-13,02:06,S1C_IW_GRDH_1SDV_20251113T020628_20251113T020702_004989_009DF1_rtc,descending,1.0,170,136,-29.84,-18.0
fuceyre,2025-11-16,14:17,S1A_IW_GRDH_1SDV_20251116T141651_20251116T141716_061904_07BDAC_rtc,ascending,1.0,143,128,-23.18,-14.18
fuceyre,2025-11-19,02:07,S1A_IW_GRDH_1SDV_20251119T020727_20251119T020752_061940_07BF12_rtc,descending,1.0,159,117,-27.65,-18.0
fuceyre,2025-11-22,14:16,S1C_IW_GRDH_1SDV_20251122T141547_20251122T141612_005128_00A2A6_rtc,ascending,1.0,145,112,-25.63,-16.63
fuceyre,2025-11-25,02:06,S1C_IW_GRDH_1SDV_20251125T020628_20251125T020701_005164_00A3E0_rtc,descending,1.0,146,112,-29.89,-18.0
fuceyre,2025-11-28,14:17,S1A_IW_GRDH_1SDV_20251128T141650_20251128T141715_062079_07C484_rtc,ascending,1.0,117,104,-23.01,-14.01
fuceyre,2025-12-01,02:07,S1A_IW_GRDH_1SDV_20251201T020726_20251201T020751_062115_07C5E3_rtc,descending,1.0,172,128,-27.44,-18.0
fuceyre,2025-12-04,14:15,S1C_IW_GRDH_1SDV_20251204T141547_20251204T141612_005303_00A888_rtc,ascending,1.0,156,133,-25.78,-16.78
fuceyre,2025-12-07,02:06,S1C_IW_GRDH_1SDV_20251207T020627_20251207T020701_005339_00A9CA_rtc,descending,1.0,175,128,-30.02,-18.0
fuceyre,2025-12-10,14:17,S1A_IW_GRDH_1SDV_20251210T141649_20251210T141714_062254_07CB61_rtc,ascending,1.0,143,129,-23.23,-14.23
fuceyre,2025-12-13,02:07,S1A_IW_GRDH_1SDV_20251213T020725_20251213T020750_062290_07CCB8_rtc,descending,1.0,169,126,-27.8,-18.0
fuceyre,2025-12-16,14:15,S1C_IW_GRDH_1SDV_20251216T141546_20251216T141611_005478_00AE90_rtc,ascending,1.0,161,128,-25.75,-16.75
fuceyre,2025-12-19,02:06,S1C_IW_GRDH_1SDV_20251219T020627_20251219T020700_005514_00AFC1_rtc,descending,1.0,193,142,-27.24,-18.0
fuceyre,2025-12-22,14:17,S1A_IW_GRDH_1SDV_20251222T141647_20251222T141712_062429_07D225_rtc,ascending,1.0,137,121,-23.18,-14.18
fuceyre,2025-12-25,02:07,S1A_IW_GRDH_1SDV_20251225T020724_20251225T020749_062465_07D381_rtc,descending,1.0,165,129,-27.26,-18.0
fuceyre,2025-12-28,14:15,S1C_IW_GRDH_1SDV_20251228T141546_20251228T141611_005653_00B496_rtc,ascending,1.0,154,124,-25.78,-16.78
fuceyre,2025-12-31,02:06,S1C_IW_GRDH_1SDV_20251231T020626_20251231T020659_005689_00B5D2_rtc,descending,1.0,176,142,-28.65,-18.0
fuceyre,2026-01-03,14:16,S1A_IW_GRDH_1SDV_20260103T141646_20260103T141711_062604_07D8E7_rtc,ascending,1.0,131,110,-23.14,-14.14
fuceyre,2026-01-06,02:07,S1A_IW_GRDH_1SDV_20260106T020722_20260106T020747_062640_07DA47_rtc,descending,1.0,187,119,-27.3,-18.0
fuceyre,2026-01-09,14:15,S1C_IW_GRDH_1SDV_20260109T141545_20260109T141610_005828_00BAA0_rtc,ascending,1.0,164,127,-25.51,-16.51
fuceyre,2026-01-12,02:06,S1C_IW_GRDH_1SDV_20260112T020625_20260112T020659_005864_00BBF1_rtc,descending,1.0,159,125,-29.9,-18.0
fuceyre,2026-01-15,14:16,S1A_IW_GRDH_1SDV_20260115T141645_20260115T141710_062779_07DFA8_rtc,ascending,1.0,133,113,-23.02,-14.02
fuceyre,2026-01-18,02:07,S1A_IW_GRDH_1SDV_20260118T020721_20260118T020746_062815_07E100_rtc,descending,1.0,168,126,-26.98,-17.98
fuceyre,2026-01-21,14:15,S1C_IW_GRDH_1SDV_20260121T141544_20260121T141609_006003_00C09D_rtc,ascending,1.0,162,126,-24.98,-15.98
fuceyre,2026-01-24,02:06,S1C_IW_GRDH_1SDV_20260124T020624_20260124T020658_006039_00C1B7_rtc,descending,1.0,180,126,-29.6,-18.0
fuceyre,2026-01-27,14:16,S1A_IW_GRDH_1SDV_20260127T141644_20260127T141709_062954_07E5F2_rtc,ascending,1.0,132,117,-23.0,-14.0
fuceyre,2026-01-30,02:07,S1A_IW_GRDH_1SDV_20260130T020721_20260130T020746_062990_07E749_rtc,descending,1.0,168,128,-27.43,-18.0
fuceyre,2026-02-02,14:15,S1C_IW_GRDH_1SDV_20260202T141544_20260202T141609_006178_00C667_rtc,ascending,1.0,168,128,-25.84,-16.84
fuceyre,2026-02-05,02:06,S1C_IW_GRDH_1SDV_20260205T020624_20260205T020658_006214_00C7A2_rtc,descending,1.0,185,149,-29.55,-18.0
fuceyre,2026-02-08,14:16,S1A_IW_GRDH_1SDV_20260208T141644_20260208T141709_063129_07EC8B_rtc,ascending,1.0,131,122,-23.16,-14.16
fuceyre,2026-02-11,02:07,S1A_IW_GRDH_1SDV_20260211T020720_20260211T020745_063165_07EDD3_rtc,descending,1.0,162,112,-27.57,-18.0
fuceyre,2026-02-14,14:15,S1C_IW_GRDH_1SDV_20260214T141544_20260214T141609_006353_00CC6A_rtc,ascending,1.0,149,119,-25.58,-16.58
fuceyre,2026-02-17,02:06,S1C_IW_GRDH_1SDV_20260217T020624_20260217T020658_006389_00CDAD_rtc,descending,1.0,179,133,-29.86,-18.0
fuceyre,2026-02-20,14:16,S1A_IW_GRDH_1SDV_20260220T141643_20260220T141708_063304_07F315_rtc,ascending,1.0,133,119,-23.22,-14.22
fuceyre,2026-02-23,02:07,S1A_IW_GRDH_1SDV_20260223T020720_20260223T020745_063340_07F472_rtc,descending,1.0,195,139,-27.5,-18.0
fuceyre,2026-02-26,14:15,S1C_IW_GRDH_1SDV_20260226T141544_20260226T141609_006528_00D283_rtc,ascending,1.0,153,123,-25.38,-16.38
fuceyre,2026-03-01,02:06,S1C_IW_GRDH_1SDV_20260301T020624_20260301T020658_006564_00D3C9_rtc,descending,1.0,153,119,-29.75,-18.0
fuceyre,2026-03-04,14:16,S1A_IW_GRDH_1SDV_20260304T141643_20260304T141708_063479_07F9C5_rtc,ascending,1.0,142,124,-22.91,-13.91
fuceyre,2026-03-07,02:07,S1A_IW_GRDH_1SDV_20260307T020719_20260307T020744_063515_07FB17_rtc,descending,1.0,175,127,-27.13,-18.0
fuceyre,2026-03-10,14:15,S1C_IW_GRDH_1SDV_20260310T141544_20260310T141609_006703_00D884_rtc,ascending,1.0,166,136,-25.22,-16.22
fuceyre,2026-03-13,02:06,S1C_IW_GRDH_1SDV_20260313T020624_20260313T020658_006739_00D9CA_rtc,descending,1.0,175,133,-29.77,-18.0
fuceyre,2026-03-16,14:16,S1A_IW_GRDH_1SDV_20260316T141643_20260316T141708_063654_08005D_rtc,ascending,1.0,137,115,-22.58,-13.58
fuceyre,2026-03-19,02:07,S1A_IW_GRDH_1SDV_20260319T020719_20260319T020744_063690_0801A3_rtc,descending,1.0,155,109,-27.32,-18.0
fuceyre,2026-03-22,14:15,S1C_IW_GRDH_1SDV_20260322T141544_20260322T141609_006878_00DE83_rtc,ascending,1.0,148,109,-25.54,-16.54
fuceyre,2026-03-25,02:06,S1C_IW_GRDH_1SDV_20260325T020625_20260325T020658_006914_00DFC4_rtc,descending,1.0,162,118,-29.8,-18.0
fuceyre,2026-03-28,14:16,S1A_IW_GRDH_1SDV_20260328T141643_20260328T141708_063829_0806E9_rtc,ascending,1.0,124,95,-22.7,-13.7
fuceyre,2026-03-31,02:07,S1A_IW_GRDH_1SDV_20260331T020719_20260331T020744_063865_080824_rtc,descending,1.0,144,102,-27.34,-18.0
fuceyre,2026-04-03,14:15,S1C_IW_GRDH_1SDV_20260403T141544_20260403T141609_007053_00E474_rtc,ascending,1.0,149,113,-25.4,-16.4
fuceyre,2026-04-06,02:06,S1C_IW_GRDH_1SDV_20260406T020625_20260406T020659_007089_00E5AE_rtc,descending,1.0,174,124,-28.34,-18.0
fuceyre,2026-04-09,14:16,S1A_IW_GRDH_1SDV_20260409T141643_20260409T141708_064004_080D70_rtc,ascending,1.0,125,102,-22.83,-13.83
fuceyre,2026-04-12,02:07,S1A_IW_GRDH_1SDV_20260412T020720_20260412T020745_064040_080EB4_rtc,descending,1.0,153,119,-27.28,-18.0
fuceyre,2026-04-15,14:15,S1C_IW_GRDH_1SDV_20260415T141545_20260415T141610_007228_00EA5B_rtc,ascending,1.0,136,102,-24.95,-15.95
fuceyre,2026-04-18,02:06,S1C_IW_GRDH_1SDV_20260418T020625_20260418T020659_007264_00EB91_rtc,descending,1.0,162,109,-29.42,-18.0
fuceyre,2026-04-21,14:16,S1A_IW_GRDH_1SDV_20260421T141643_20260421T141708_064179_0813F7_rtc,ascending,1.0,131,108,-23.04,-14.04
fuceyre,2026-04-24,02:07,S1A_IW_GRDH_1SDV_20260424T020720_20260424T020745_064215_08153D_rtc,descending,1.0,179,124,-27.82,-18.0
fuceyre,2026-04-27,14:15,S1C_IW_GRDH_1SDV_20260427T141546_20260427T141611_007403_00F047_rtc,ascending,1.0,165,133,-25.28,-16.28
fuceyre,2026-04-30,02:06,S1C_IW_GRDH_1SDV_20260430T020626_20260430T020700_007439_00F186_rtc,descending,1.0,177,128,-29.74,-18.0
fuceyre,2026-05-03,14:16,S1A_IW_GRDH_1SDV_20260503T141643_20260503T141708_064354_081A79_rtc,ascending,1.0,139,120,-23.23,-14.23
fuceyre,2026-05-06,02:07,S1A_IW_GRDH_1SDV_20260506T020719_20260506T020744_064390_081BB9_rtc,descending,1.0,185,130,-27.22,-18.0
fuceyre,2026-05-09,14:15,S1C_IW_GRDH_1SDV_20260509T141546_20260509T141611_007578_00F632_rtc,ascending,1.0,162,126,-25.0,-16.0
fuceyre,2026-05-12,02:06,S1C_IW_GRDH_1SDV_20260512T020627_20260512T020701_007614_00F76D_rtc,descending,1.0,169,125,-29.65,-18.0
fuceyre,2026-05-13,02:06,S1D_IW_GRDH_1SDV_20260513T020637_20260513T020710_002759_004A8B_rtc,descending,1.0,176,122,-29.38,-18.0
fuceyre,2026-05-15,14:16,S1A_IW_GRDH_1SDV_20260515T141642_20260515T141707_064529_0820B5_rtc,ascending,1.0,129,103,-22.82,-13.82
fuceyre,2026-05-18,02:07,S1A_IW_GRDH_1SDV_20260518T020719_20260518T020744_064565_0821E9_rtc,descending,1.0,194,134,-27.04,-18.0
fuceyre,2026-05-21,14:16,S1C_IW_GRDH_1SDV_20260521T141547_20260521T141612_007753_00FC16_rtc,ascending,1.0,175,131,-25.49,-16.49
fuceyre,2026-05-22,14:16,S1D_IW_GRDH_1SDV_20260522T141557_20260522T141622_002898_004F2F_rtc,ascending,1.0,165,129,-25.31,-16.31
fuceyre,2026-05-24,02:06,S1C_IW_GRDH_1SDV_20260524T020628_20260524T020701_007789_00FD48_rtc,descending,1.0,171,136,-29.36,-18.0
fuceyre,2026-05-25,02:06,S1D_IW_GRDH_1SDV_20260525T020638_20260525T020711_002934_005063_rtc,descending,1.0,165,125,-29.37,-18.0
fuceyre,2026-05-27,14:16,S1A_IW_GRDH_1SDV_20260527T141642_20260527T141707_064704_0826D2_rtc,ascending,1.0,132,112,-23.01,-14.01
fuceyre,2026-05-30,02:07,S1A_IW_GRDH_1SDV_20260530T020718_20260530T020743_064740_08280C_rtc,descending,1.0,193,139,-27.51,-18.0
fuceyre,2026-06-02,14:16,S1C_IW_GRDH_1SDV_20260602T141548_20260602T141613_007928_0101EB_rtc,ascending,1.0,182,145,-25.35,-16.35
fuceyre,2026-06-03,14:16,S1D_IW_GRDH_1SDV_20260603T141558_20260603T141623_003073_0054F9_rtc,ascending,1.0,188,145,-24.99,-15.99
fuceyre,2026-06-08,14:16,S1A_IW_GRDH_1SDV_20260608T141641_20260608T141706_064879_082CF3_rtc,ascending,1.0,194,158,-23.11,-14.11
fuceyre,2026-06-11,02:07,S1A_IW_GRDH_1SDV_20260611T020718_20260611T020743_064915_082E2A_rtc,descending,1.0,221,159,-27.68,-18.0
fuceyre,2026-06-15,14:16,S1D_IW_GRDH_1SDV_20260615T141559_20260615T141624_003248_005AC8_rtc,ascending,1.0,211,163,-25.14,-16.14
fuceyre,2026-06-18,02:06,S1D_IW_GRDH_1SDV_20260618T020639_20260618T020713_003284_005BF5_rtc,descending,1.0,212,165,-29.21,-18.0
fuceyre,2026-06-20,14:16,S1A_IW_GRDH_1SDV_20260620T141641_20260620T141706_065054_083318_rtc,ascending,1.0,193,164,-23.14,-14.14
fuceyre,2026-06-23,02:07,S1A_IW_GRDH_1SDV_20260623T020717_20260623T020742_065090_083451_rtc,descending,1.0,251,188,-27.54,-18.0
fuceyre,2026-06-27,14:16,S1D_IW_GRDH_1SDV_20260627T141600_20260627T141625_003423_00607F_rtc,ascending,1.0,215,175,-24.91,-15.91
fuceyre,2026-06-30,02:06,S1D_IW_GRDH_1SDV_20260630T020637_20260630T020702_003459_0061BB_rtc,descending,1.0,221,174,-29.03,-18.0
fuceyre,2026-07-03,14:15,S1C_IW_GRDH_1SDV_20260703T141547_20260703T141612_008380_01094C_rtc,ascending,1.0,203,168,-24.83,-15.83
fuceyre,2026-07-06,02:06,S1C_IW_GRDH_1SDV_20260706T020627_20260706T020701_008416_010A6C_rtc,descending,1.0,235,178,-29.47,-18.0
fuceyre,2026-07-09,14:16,S1D_IW_GRDH_1SDV_20260709T141601_20260709T141626_003598_006666_rtc,ascending,1.0,197,157,-24.99,-15.99
fuceyre,2026-07-12,02:06,S1D_IW_GRDH_1SDV_20260712T020637_20260712T020702_003634_0067A4_rtc,descending,1.0,205,155,-29.13,-18.0
fuceyre,2026-07-15,14:16,S1C_IW_GRDH_1SDV_20260715T141547_20260715T141612_008555_010EFA_rtc,ascending,1.0,202,167,-25.02,-16.02
fuceyre,2026-07-18,02:06,S1C_IW_GRDH_1SDV_20260718T020628_20260718T020702_008591_011033_rtc,descending,1.0,253,194,-29.57,-18.0
fuceyre,2026-07-21,14:16,S1D_IW_GRDH_1SDV_20260721T141602_20260721T141627_003773_006C5C_rtc,ascending,1.0,212,180,-24.75,-15.75
fuceyre,2026-07-24,02:06,S1D_IW_GRDH_1SDV_20260724T020638_20260724T020703_003809_006DA6_rtc,descending,1.0,256,193,-29.06,-18.0
fuceyre,2026-07-27,14:16,S1C_IW_GRDH_1SDV_20260727T141548_20260727T141613_008730_0114CB_rtc,ascending,1.0,234,199,-24.96,-15.96
fuceyre,2026-07-30,02:06,S1C_IW_GRDH_1SDV_20260730T020629_20260730T020702_008766_0115F6_rtc,descending,1.0,236,195,-29.49,-18.0
fuceyre,2026-08-02,14:16,S1D_IW_GRDH_1SDV_20260802T141602_20260802T141627_003948_00727D_rtc,ascending,1.0,210,166,-24.77,-15.77
fuceyre,2026-08-05,02:06,S1D_IW_GRDH_1SDV_20260805T020639_20260805T020704_003984_0073C1_rtc,descending,1.0,255,185,-28.86,-18.0
fuceyre,2026-08-08,14:16,S1C_IW_GRDH_1SDV_20260808T141549_20260808T141614_008905_011A9E_rtc,ascending,1.0,212,175,-24.88,-15.88
fuceyre,2026-08-14,14:16,S1D_IW_GRDH_1SDV_20260814T141603_20260814T141628_004123_007888_rtc,ascending,1.0,207,169,-24.82,-15.82
fuceyre,2026-08-17,02:06,S1D_IW_GRDH_1SDV_20260817T020639_20260817T020704_004159_0079C5_rtc,descending,1.0,250,210,-28.81,-18.0
fuceyre,2026-08-20,14:16,S1C_IW_GRDH_1SDV_20260820T141550_20260820T141615_009080_012060_rtc,ascending,1.0,228,186,-25.05,-16.05
fuceyre,2026-08-23,02:06,S1C_IW_GRDH_1SDV_20260823T020630_20260823T020704_009116_012191_rtc,descending,1.0,229,184,-29.73,-18.0
fuceyre,2026-08-26,14:16,S1D_IW_GRDH_1SDV_20260826T141603_20260826T141628_004298_007EA7_rtc,ascending,1.0,234,205,-24.73,-15.73
fuceyre,2026-08-29,02:06,S1D_IW_GRDH_1SDV_20260829T020640_20260829T020705_004334_007FF0_rtc,descending,1.0,268,206,-28.91,-18.0
fuceyre,2026-09-01,14:16,S1C_IW_GRDH_1SDV_20260901T141550_20260901T141615_009255_012641_rtc,ascending,1.0,240,202,-25.04,-16.04
fuceyre,2026-09-07,14:16,S1D_IW_GRDH_1SDV_20260907T141604_20260907T141629_004473_0084C4_rtc,ascending,1.0,271,225,-24.82,-15.82
fuceyre,2026-09-10,02:06,S1D_IW_GRDH_1SDV_20260910T020640_20260910T020705_004509_00860C_rtc,descending,1.0,291,230,-29.0,-18.0
fuceyre,2026-09-13,14:16,S1C_IW_GRDH_1SDV_20260913T141550_20260913T141615_009430_012C18_rtc,ascending,1.0,283,234,-25.17,-16.17
fuceyre,2026-09-16,02:06,S1C_IW_GRDH_1SDV_20260916T020631_20260916T020704_009466_012D3D_rtc,descending,1.0,280,219,-29.6,-18.0
fuceyre,2026-09-19,14:16,S1D_IW_GRDH_1SDV_20260919T141604_20260919T141629_004648_008ACF_rtc,ascending,1.0,261,202,-24.81,-15.81
fuceyre,2026-09-22,02:06,S1D_IW_GRDH_1SDV_20260922T020641_20260922T020706_004684_008C0C_rtc,descending,1.0,245,193,-29.11,-18.0
