konum,tarih,saat,sahne,yorunge,kapsama,gemi,buyuk_gemi,deniz_medyan_db,esik_db
basra,2025-07-03,14:51,S1A_IW_GRDH_1SDV_20250703T145055_20250703T145120_059921_077175_rtc,ascending,1.0,62,54,-27.83,-18.0
basra,2025-07-15,14:51,S1A_IW_GRDH_1SDV_20250715T145055_20250715T145120_060096_rtc,ascending,1.0,64,48,-27.81,-18.0
basra,2025-07-27,14:51,S1A_IW_GRDH_1SDV_20250727T145055_20250727T145120_060271_rtc,ascending,1.0,78,64,-27.94,-18.0
basra,2025-08-02,14:49,S1C_IW_GRDH_1SDV_20250802T144943_20250802T145014_003495_rtc,ascending,1.0,74,69,-30.23,-18.0
basra,2025-08-08,14:51,S1A_IW_GRDH_1SDV_20250808T145054_20250808T145119_060446_rtc,ascending,1.0,73,67,-27.83,-18.0
basra,2025-08-14,14:49,S1C_IW_GRDH_1SDV_20250814T144944_20250814T145015_003670_rtc,ascending,1.0,62,52,-30.21,-18.0
basra,2025-08-20,14:51,S1A_IW_GRDH_1SDV_20250820T145054_20250820T145119_060621_078A90_rtc,ascending,1.0,64,56,-27.55,-18.0
basra,2025-08-26,14:50,S1C_IW_GRDH_1SDV_20250826T144944_20250826T145015_003845_007AAB_rtc,ascending,1.0,68,49,-30.26,-18.0
basra,2025-09-01,14:51,S1A_IW_GRDH_1SDV_20250901T145055_20250901T145120_060796_079174_rtc,ascending,1.0,69,59,-27.67,-18.0
basra,2025-09-07,14:50,S1C_IW_GRDH_1SDV_20250907T144945_20250907T145015_004020_007FDF_rtc,ascending,1.0,55,44,-30.17,-18.0
basra,2025-09-13,14:51,S1A_IW_GRDH_1SDV_20250913T145055_20250913T145120_060971_079877_rtc,ascending,1.0,74,65,-27.69,-18.0
basra,2025-09-19,14:50,S1C_IW_GRDH_1SDV_20250919T144945_20250919T145016_004195_008537_rtc,ascending,1.0,53,44,-30.42,-18.0
basra,2025-09-25,14:51,S1A_IW_GRDH_1SDV_20250925T145055_20250925T145120_061146_079F7E_rtc,ascending,1.0,64,50,-27.96,-18.0
basra,2025-10-01,14:50,S1C_IW_GRDH_1SDV_20251001T144945_20251001T145016_004370_008A93_rtc,ascending,1.0,65,61,-29.53,-18.0
basra,2025-10-07,14:51,S1A_IW_GRDH_1SDV_20251007T145056_20251007T145121_061321_07A68C_rtc,ascending,1.0,63,55,-28.14,-18.0
basra,2025-10-13,14:50,S1C_IW_GRDH_1SDV_20251013T144945_20251013T145016_004545_008FDD_rtc,ascending,1.0,70,57,-30.34,-18.0
basra,2025-10-19,14:51,S1A_IW_GRDH_1SDV_20251019T145055_20251019T145120_061496_07AD92_rtc,ascending,1.0,72,59,-27.86,-18.0
basra,2025-10-25,14:50,S1C_IW_GRDH_1SDV_20251025T144945_20251025T145016_004720_00952D_rtc,ascending,1.0,70,59,-30.5,-18.0
basra,2025-10-31,14:51,S1A_IW_GRDH_1SDV_20251031T145055_20251031T145120_061671_07B49F_rtc,ascending,1.0,68,54,-27.93,-18.0
basra,2025-11-06,14:50,S1C_IW_GRDH_1SDV_20251106T144945_20251106T145016_004895_009AD5_rtc,ascending,1.0,62,53,-30.46,-18.0
basra,2025-11-12,14:51,S1A_IW_GRDH_1SDV_20251112T145054_20251112T145119_061846_07BB5F_rtc,ascending,1.0,66,50,-28.21,-18.0
basra,2025-11-18,14:50,S1C_IW_GRDH_1SDV_20251118T144945_20251118T145015_005070_00A0B4_rtc,ascending,1.0,59,54,-29.43,-18.0
basra,2025-11-24,14:51,S1A_IW_GRDH_1SDV_20251124T145054_20251124T145119_062021_07C230_rtc,ascending,1.0,58,46,-27.87,-18.0
basra,2025-11-30,14:49,S1C_IW_GRDH_1SDV_20251130T144944_20251130T145015_005245_00A694_rtc,ascending,1.0,68,57,-30.35,-18.0
basra,2025-12-06,14:51,S1A_IW_GRDH_1SDV_20251206T145052_20251206T145117_062196_07C907_rtc,ascending,1.0,63,53,-28.05,-18.0
basra,2025-12-12,14:49,S1C_IW_GRDH_1SDV_20251212T144944_20251212T145014_005420_00AC9A_rtc,ascending,1.0,63,51,-30.05,-18.0
basra,2025-12-18,14:51,S1A_IW_GRDH_1SDV_20251218T145051_20251218T145116_062371_07CFD9_rtc,ascending,1.0,53,45,-26.26,-17.26
basra,2025-12-24,14:49,S1C_IW_GRDH_1SDV_20251224T144943_20251224T145013_005595_00B298_rtc,ascending,1.0,64,53,-30.33,-18.0
basra,2025-12-30,14:51,S1A_IW_GRDH_1SDV_20251230T145050_20251230T145115_062546_07D69F_rtc,ascending,1.0,67,62,-26.09,-17.09
basra,2026-01-05,14:49,S1C_IW_GRDH_1SDV_20260105T144942_20260105T145013_005770_00B89A_rtc,ascending,1.0,59,52,-29.96,-18.0
basra,2026-01-11,14:51,S1A_IW_GRDH_1SDV_20260111T145049_20260111T145114_062721_07DD57_rtc,ascending,1.0,69,63,-27.79,-18.0
basra,2026-01-17,14:49,S1C_IW_GRDH_1SDV_20260117T144942_20260117T145013_005945_00BECA_rtc,ascending,1.0,65,56,-30.18,-18.0
basra,2026-01-23,14:51,S1A_IW_GRDH_1SDV_20260123T145047_20260123T145112_062896_07E3B1_rtc,ascending,1.0,68,55,-27.64,-18.0
basra,2026-01-29,14:49,S1C_IW_GRDH_1SDV_20260129T144942_20260129T145012_006120_00C47B_rtc,ascending,1.0,69,55,-30.41,-18.0
basra,2026-02-04,14:51,S1A_IW_GRDH_1SDV_20260204T145047_20260204T145112_063071_07EA49_rtc,ascending,1.0,72,58,-27.86,-18.0
basra,2026-02-10,14:49,S1C_IW_GRDH_1SDV_20260210T144941_20260210T145011_006295_00CA71_rtc,ascending,1.0,56,52,-29.93,-18.0
basra,2026-02-16,14:50,S1A_IW_GRDH_1SDV_20260216T145047_20260216T145112_063246_07F0D2_rtc,ascending,1.0,67,52,-28.01,-18.0
basra,2026-02-22,14:49,S1C_IW_GRDH_1SDV_20260222T144941_20260222T145011_006470_00D08A_rtc,ascending,1.0,55,45,-30.48,-18.0
basra,2026-02-28,14:50,S1A_IW_GRDH_1SDV_20260228T145046_20260228T145111_063421_07F789_rtc,ascending,1.0,62,58,-27.32,-18.0
basra,2026-03-06,14:49,S1C_IW_GRDH_1SDV_20260306T144941_20260306T145011_006645_00D69C_rtc,ascending,1.0,56,47,-30.49,-18.0
basra,2026-03-12,14:50,S1A_IW_GRDH_1SDV_20260312T145047_20260312T145112_063596_07FE29_rtc,ascending,1.0,58,44,-27.5,-18.0
basra,2026-03-18,14:49,S1C_IW_GRDH_1SDV_20260318T144941_20260318T145012_006820_00DC97_rtc,ascending,1.0,51,41,-30.61,-18.0
basra,2026-03-24,14:50,S1A_IW_GRDH_1SDV_20260324T145047_20260324T145112_063771_0804AE_rtc,ascending,1.0,55,48,-27.7,-18.0
basra,2026-03-30,14:49,S1C_IW_GRDH_1SDV_20260330T144941_20260330T145012_006995_00E299_rtc,ascending,1.0,46,38,-29.91,-18.0
basra,2026-04-05,14:50,S1A_IW_GRDH_1SDV_20260405T145047_20260405T145112_063946_080B30_rtc,ascending,1.0,54,49,-27.92,-18.0
basra,2026-04-17,14:50,S1A_IW_GRDH_1SDV_20260417T145047_20260417T145112_064121_0811C2_rtc,ascending,1.0,60,51,-27.82,-18.0
basra,2026-04-23,14:49,S1C_IW_GRDH_1SDV_20260423T144943_20260423T145013_007345_00EE60_rtc,ascending,1.0,54,49,-30.4,-18.0
basra,2026-04-29,14:50,S1A_IW_GRDH_1SDV_20260429T145046_20260429T145111_064296_081848_rtc,ascending,1.0,63,56,-27.95,-18.0
basra,2026-05-05,14:49,S1C_IW_GRDH_1SDV_20260505T144943_20260505T145014_007520_00F44D_rtc,ascending,1.0,53,44,-30.51,-18.0
basra,2026-05-11,14:50,S1A_IW_GRDH_1SDV_20260511T145046_20260511T145111_064471_081EA4_rtc,ascending,1.0,50,45,-27.99,-18.0
basra,2026-05-17,14:49,S1C_IW_GRDH_1SDV_20260517T144944_20260517T145015_007695_00FA39_rtc,ascending,1.0,45,37,-30.31,-18.0
basra,2026-05-18,14:50,S1D_IW_GRDH_1SDV_20260518T144954_20260518T145025_002840_004D44_rtc,ascending,1.0,55,44,-29.34,-18.0
basra,2026-05-23,14:50,S1A_IW_GRDH_1SDV_20260523T145046_20260523T145111_064646_0824BA_rtc,ascending,1.0,50,41,-28.02,-18.0
basra,2026-05-29,14:50,S1C_IW_GRDH_1SDV_20260529T144945_20260529T145015_007870_01000F_rtc,ascending,1.0,47,41,-30.31,-18.0
basra,2026-05-30,14:50,S1D_IW_GRDH_1SDV_20260530T144955_20260530T145025_003015_005316_rtc,ascending,1.0,55,47,-29.38,-18.0
basra,2026-06-04,14:50,S1A_IW_GRDH_1SDV_20260604T145045_20260604T145110_064821_082AE4_rtc,ascending,1.0,63,50,-27.85,-18.0
basra,2026-06-16,14:50,S1A_IW_GRDH_1SDV_20260616T145044_20260616T145109_064996_0830F7_rtc,ascending,1.0,62,55,-27.7,-18.0
basra,2026-06-23,14:50,S1D_IW_GRDH_1SDV_20260623T144956_20260623T145027_003365_005E9D_rtc,ascending,1.0,55,45,-29.68,-18.0
basra,2026-06-28,14:50,S1A_IW_GRDH_1SDV_20260628T145044_20260628T145109_065171_083720_rtc,ascending,1.0,59,49,-27.95,-18.0
basra,2026-06-29,14:49,S1C_IW_GRDH_1SDV_20260629T144943_20260629T145014_008322_010772_rtc,ascending,1.0,56,48,-30.46,-18.0
basra,2026-07-11,14:49,S1C_IW_GRDH_1SDV_20260711T144944_20260711T145015_008497_010D28_rtc,ascending,1.0,64,53,-30.19,-18.0
basra,2026-07-17,14:50,S1D_IW_GRDH_1SDV_20260717T144957_20260717T145022_003715_006A68_rtc,ascending,1.0,60,48,-29.54,-18.0
basra,2026-07-23,14:50,S1C_IW_GRDH_1SDV_20260723T144945_20260723T145015_008672_0112F8_rtc,ascending,1.0,59,50,-30.37,-18.0
basra,2026-07-29,14:50,S1D_IW_GRDH_1SDV_20260729T144958_20260729T145023_003890_00706B_rtc,ascending,1.0,53,44,-29.62,-18.0
basra,2026-08-04,14:50,S1C_IW_GRDH_1SDV_20260804T144945_20260804T145016_008847_0118CC_rtc,ascending,1.0,59,48,-30.12,-18.0
basra,2026-08-10,14:50,S1D_IW_GRDH_1SDV_20260810T144958_20260810T145023_004065_007680_rtc,ascending,1.0,59,50,-29.45,-18.0
basra,2026-08-16,14:50,S1C_IW_GRDH_1SDV_20260816T144946_20260816T145017_009022_011E91_rtc,ascending,1.0,63,55,-30.15,-18.0
basra,2026-08-22,14:50,S1D_IW_GRDH_1SDV_20260822T144959_20260822T145024_004240_007C9A_rtc,ascending,1.0,61,55,-29.53,-18.0
basra,2026-08-28,14:50,S1C_IW_GRDH_1SDV_20260828T144947_20260828T145018_009197_012460_rtc,ascending,1.0,62,51,-30.42,-18.0
basra,2026-09-03,14:50,S1D_IW_GRDH_1SDV_20260903T144959_20260903T145024_004415_0082C0_rtc,ascending,1.0,58,47,-29.61,-18.0
basra,2026-09-09,14:50,S1C_IW_GRDH_1SDV_20260909T144947_20260909T145018_009372_012A45_rtc,ascending,1.0,59,47,-30.31,-18.0
basra,2026-09-15,14:50,S1D_IW_GRDH_1SDV_20260915T145000_20260915T145025_004590_0088C9_rtc,ascending,1.0,63,53,-29.45,-18.0
basra,2026-09-21,14:50,S1C_IW_GRDH_1SDV_20260921T144947_20260921T145018_009547_012FFE_rtc,ascending,1.0,64,53,-30.16,-18.0
