sahne,yorunge,goreli_yorunge
S1A_IW_GRDH_1SDV_20250703T145055_20250703T145120_059921_077175_rtc,ascending,174
S1A_IW_GRDH_1SDV_20250706T023857_20250706T023922_059957_0772AA_rtc,descending,35
S1A_IW_GRDH_1SDV_20250706T023922_20250706T023947_059957_0772AA_rtc,descending,35
S1A_IW_GRDH_1SDV_20250710T144238_20250710T144303_060023_rtc,ascending,101
S1A_IW_GRDH_1SDV_20250711T024714_20250711T024739_060030_rtc,descending,108
S1A_IW_GRDH_1SDV_20250715T145055_20250715T145120_060096_rtc,ascending,174
S1A_IW_GRDH_1SDV_20250718T023856_20250718T023921_060132_rtc,descending,35
S1A_IW_GRDH_1SDV_20250718T023921_20250718T023946_060132_rtc,descending,35
S1A_IW_GRDH_1SDV_20250722T144237_20250722T144302_060198_rtc,ascending,101
S1A_IW_GRDH_1SDV_20250723T024713_20250723T024738_060205_rtc,descending,108
S1C_IW_GRDH_1SDV_20250724T023759_20250724T023828_003356_rtc,descending,35
S1A_IW_GRDH_1SDV_20250727T145055_20250727T145120_060271_rtc,ascending,174
S1C_IW_GRDH_1SDV_20250728T144151_20250728T144216_003422_rtc,ascending,101
S1C_IW_GRDH_1SDV_20250729T024608_20250729T024637_003429_rtc,descending,108
S1A_IW_GRDH_1SDV_20250730T023856_20250730T023921_060307_rtc,descending,35
S1C_IW_GRDH_1SDV_20250802T144943_20250802T145014_003495_rtc,ascending,174
S1A_IW_GRDH_1SDV_20250803T144237_20250803T144302_060373_rtc,ascending,101
S1A_IW_GRDH_1SDV_20250804T024713_20250804T024738_060380_rtc,descending,108
S1C_IW_GRDH_1SDV_20250805T023759_20250805T023829_003531_rtc,descending,35
S1A_IW_GRDH_1SDV_20250808T145054_20250808T145119_060446_rtc,ascending,174
S1C_IW_GRDH_1SDV_20250809T144127_20250809T144152_003597_rtc,ascending,101
S1C_IW_GRDH_1SDV_20250809T144152_20250809T144217_003597_rtc,ascending,101
S1C_IW_GRDH_1SDV_20250810T024609_20250810T024638_003604_rtc,descending,108
S1C_IW_GRDH_1SDV_20250814T144944_20250814T145015_003670_rtc,ascending,174
S1A_IW_GRDH_1SDV_20250815T144237_20250815T144302_060548_0787B6_rtc,ascending,101
S1A_IW_GRDH_1SDV_20250816T024713_20250816T024738_060555_0787FF_rtc,descending,108
S1C_IW_GRDH_1SDV_20250817T023800_20250817T023829_003706_00767D_rtc,descending,35
S1A_IW_GRDH_1SDV_20250820T145054_20250820T145119_060621_078A90_rtc,ascending,174
S1C_IW_GRDH_1SDV_20250821T144127_20250821T144152_003772_00787B_rtc,ascending,101
S1C_IW_GRDH_1SDV_20250821T144152_20250821T144217_003772_00787B_rtc,ascending,101
S1C_IW_GRDH_1SDV_20250822T024609_20250822T024638_003779_0078B8_rtc,descending,108
S1A_IW_GRDH_1SDV_20250823T023856_20250823T023921_060657_078BFE_rtc,descending,35
S1A_IW_GRDH_1SDV_20250823T023921_20250823T023946_060657_078BFE_rtc,descending,35
S1C_IW_GRDH_1SDV_20250826T144944_20250826T145015_003845_007AAB_rtc,ascending,174
S1A_IW_GRDH_1SDV_20250827T144237_20250827T144302_060723_078E9B_rtc,ascending,101
S1A_IW_GRDH_1SDV_20250828T024713_20250828T024738_060730_078EE3_rtc,descending,108
S1C_IW_GRDH_1SDV_20250829T023800_20250829T023830_003881_007BB9_rtc,descending,35
S1A_IW_GRDH_1SDV_20250901T145055_20250901T145120_060796_079174_rtc,ascending,174
S1C_IW_GRDH_1SDV_20250902T144127_20250902T144152_003947_007DC3_rtc,ascending,101
S1C_IW_GRDH_1SDV_20250902T144152_20250902T144217_003947_007DC3_rtc,ascending,101
S1C_IW_GRDH_1SDV_20250903T024609_20250903T024639_003954_007DF8_rtc,descending,108
S1A_IW_GRDH_1SDV_20250904T023856_20250904T023921_060832_0792E9_rtc,descending,35
S1A_IW_GRDH_1SDV_20250904T023921_20250904T023946_060832_0792E9_rtc,descending,35
S1C_IW_GRDH_1SDV_20250907T144945_20250907T145015_004020_007FDF_rtc,ascending,174
S1A_IW_GRDH_1SDV_20250908T144238_20250908T144303_060898_079590_rtc,ascending,101
S1A_IW_GRDH_1SDV_20250909T024714_20250909T024739_060905_0795DA_rtc,descending,108
S1C_IW_GRDH_1SDV_20250910T023801_20250910T023830_004056_008105_rtc,descending,35
S1A_IW_GRDH_1SDV_20250913T145055_20250913T145120_060971_079877_rtc,ascending,174
S1C_IW_GRDH_1SDV_20250914T144128_20250914T144153_004122_008312_rtc,ascending,101
S1C_IW_GRDH_1SDV_20250914T144153_20250914T144218_004122_008312_rtc,ascending,101
S1C_IW_GRDH_1SDV_20250915T024610_20250915T024639_004129_00834C_rtc,descending,108
S1A_IW_GRDH_1SDV_20250916T023856_20250916T023921_061007_0799ED_rtc,descending,35
S1A_IW_GRDH_1SDV_20250916T023921_20250916T023946_061007_0799ED_rtc,descending,35
S1C_IW_GRDH_1SDV_20250919T144945_20250919T145016_004195_008537_rtc,ascending,174
S1A_IW_GRDH_1SDV_20250920T144238_20250920T144303_061073_079C91_rtc,ascending,101
S1A_IW_GRDH_1SDV_20250921T024714_20250921T024739_061080_079CDA_rtc,descending,108
S1C_IW_GRDH_1SDV_20250922T023801_20250922T023831_004231_008654_rtc,descending,35
S1A_IW_GRDH_1SDV_20250925T145055_20250925T145120_061146_079F7E_rtc,ascending,174
S1C_IW_GRDH_1SDV_20250926T144128_20250926T144153_004297_00885C_rtc,ascending,101
S1C_IW_GRDH_1SDV_20250926T144153_20250926T144218_004297_00885C_rtc,ascending,101
S1C_IW_GRDH_1SDV_20250927T024610_20250927T024639_004304_008898_rtc,descending,108
S1A_IW_GRDH_1SDV_20250928T023856_20250928T023921_061182_07A0F3_rtc,descending,35
S1A_IW_GRDH_1SDV_20250928T023921_20250928T023946_061182_07A0F3_rtc,descending,35
S1C_IW_GRDH_1SDV_20251001T144945_20251001T145016_004370_008A93_rtc,ascending,174
S1A_IW_GRDH_1SDV_20251002T144238_20251002T144303_061248_07A3A5_rtc,ascending,101
S1A_IW_GRDH_1SDV_20251003T024714_20251003T024739_061255_07A3EE_rtc,descending,108
S1C_IW_GRDH_1SDV_20251004T023801_20251004T023830_004406_008BAB_rtc,descending,35
S1A_IW_GRDH_1SDV_20251007T145056_20251007T145121_061321_07A68C_rtc,ascending,174
S1C_IW_GRDH_1SDV_20251008T144129_20251008T144154_004472_008DB2_rtc,ascending,101
S1C_IW_GRDH_1SDV_20251008T144154_20251008T144219_004472_008DB2_rtc,ascending,101
S1C_IW_GRDH_1SDV_20251009T024611_20251009T024640_004479_008DEB_rtc,descending,108
S1A_IW_GRDH_1SDV_20251010T023857_20251010T023922_061357_07A803_rtc,descending,35
S1A_IW_GRDH_1SDV_20251010T023922_20251010T023947_061357_07A803_rtc,descending,35
S1C_IW_GRDH_1SDV_20251013T144945_20251013T145016_004545_008FDD_rtc,ascending,174
S1A_IW_GRDH_1SDV_20251014T144238_20251014T144303_061423_07AAAE_rtc,ascending,101
S1A_IW_GRDH_1SDV_20251015T024714_20251015T024739_061430_07AAF9_rtc,descending,108
S1C_IW_GRDH_1SDV_20251016T023801_20251016T023831_004581_0090F5_rtc,descending,35
S1A_IW_GRDH_1SDV_20251019T145055_20251019T145120_061496_07AD92_rtc,ascending,174
S1C_IW_GRDH_1SDV_20251020T144128_20251020T144153_004647_0092FF_rtc,ascending,101
S1C_IW_GRDH_1SDV_20251020T144153_20251020T144218_004647_0092FF_rtc,ascending,101
S1C_IW_GRDH_1SDV_20251021T024610_20251021T024640_004654_00933A_rtc,descending,108
S1A_IW_GRDH_1SDV_20251022T023856_20251022T023921_061532_07AF0F_rtc,descending,35
S1A_IW_GRDH_1SDV_20251022T023921_20251022T023946_061532_07AF0F_rtc,descending,35
S1C_IW_GRDH_1SDV_20251025T144945_20251025T145016_004720_00952D_rtc,ascending,174
S1A_IW_GRDH_1SDV_20251026T144238_20251026T144303_061598_07B1B6_rtc,ascending,101
S1A_IW_GRDH_1SDV_20251027T024714_20251027T024739_061605_07B1FF_rtc,descending,108
S1C_IW_GRDH_1SDV_20251028T023801_20251028T023830_004756_00963F_rtc,descending,35
S1A_IW_GRDH_1SDV_20251031T145055_20251031T145120_061671_07B49F_rtc,ascending,174
S1C_IW_GRDH_1SDV_20251101T144128_20251101T144153_004822_009873_rtc,ascending,101
S1C_IW_GRDH_1SDV_20251101T144153_20251101T144218_004822_009873_rtc,ascending,101
S1C_IW_GRDH_1SDV_20251102T024610_20251102T024640_004829_0098B1_rtc,descending,108
S1A_IW_GRDH_1SDV_20251103T023856_20251103T023921_061707_07B5FF_rtc,descending,35
S1A_IW_GRDH_1SDV_20251103T023921_20251103T023946_061707_07B5FF_rtc,descending,35
S1C_IW_GRDH_1SDV_20251106T144945_20251106T145016_004895_009AD5_rtc,ascending,174
S1A_IW_GRDH_1SDV_20251107T144237_20251107T144302_061773_07B890_rtc,ascending,101
S1A_IW_GRDH_1SDV_20251108T024713_20251108T024738_061780_07B8D9_rtc,descending,108
S1C_IW_GRDH_1SDV_20251109T023801_20251109T023830_004931_009C0D_rtc,descending,35
S1A_IW_GRDH_1SDV_20251112T145054_20251112T145119_061846_07BB5F_rtc,ascending,174
S1C_IW_GRDH_1SDV_20251113T144127_20251113T144152_004997_009E3E_rtc,ascending,101
S1C_IW_GRDH_1SDV_20251113T144152_20251113T144217_004997_009E3E_rtc,ascending,101
S1C_IW_GRDH_1SDV_20251114T024609_20251114T024639_005004_009E7E_rtc,descending,108
S1A_IW_GRDH_1SDV_20251115T023855_20251115T023920_061882_07BCC6_rtc,descending,35
S1A_IW_GRDH_1SDV_20251115T023920_20251115T023945_061882_07BCC6_rtc,descending,35
S1C_IW_GRDH_1SDV_20251118T144945_20251118T145015_005070_00A0B4_rtc,ascending,174
S1A_IW_GRDH_1SDV_20251119T144237_20251119T144302_061948_07BF5B_rtc,ascending,101
S1A_IW_GRDH_1SDV_20251120T024713_20251120T024738_061955_07BFA4_rtc,descending,108
S1C_IW_GRDH_1SDV_20251121T023801_20251121T023830_005106_00A1EC_rtc,descending,35
S1A_IW_GRDH_1SDV_20251124T145054_20251124T145119_062021_07C230_rtc,ascending,174
S1C_IW_GRDH_1SDV_20251125T144127_20251125T144152_005172_00A42D_rtc,ascending,101
S1C_IW_GRDH_1SDV_20251125T144152_20251125T144217_005172_00A42D_rtc,ascending,101
S1C_IW_GRDH_1SDV_20251126T024609_20251126T024638_005179_00A468_rtc,descending,108
S1A_IW_GRDH_1SDV_20251127T023855_20251127T023920_062057_07C39D_rtc,descending,35
S1A_IW_GRDH_1SDV_20251127T023920_20251127T023945_062057_07C39D_rtc,descending,35
S1C_IW_GRDH_1SDV_20251130T144944_20251130T145015_005245_00A694_rtc,ascending,174
S1A_IW_GRDH_1SDV_20251201T144236_20251201T144301_062123_07C62D_rtc,ascending,101
S1A_IW_GRDH_1SDV_20251202T024712_20251202T024737_062130_07C678_rtc,descending,108
S1C_IW_GRDH_1SDV_20251203T023800_20251203T023829_005281_00A7D1_rtc,descending,35
S1A_IW_GRDH_1SDV_20251206T145052_20251206T145117_062196_07C907_rtc,ascending,174
S1C_IW_GRDH_1SDV_20251207T144127_20251207T144152_005347_00AA16_rtc,ascending,101
S1C_IW_GRDH_1SDV_20251207T144152_20251207T144217_005347_00AA16_rtc,ascending,101
S1C_IW_GRDH_1SDV_20251208T024609_20251208T024638_005354_00AA57_rtc,descending,108
S1A_IW_GRDH_1SDV_20251209T023854_20251209T023919_062232_07CA7A_rtc,descending,35
S1A_IW_GRDH_1SDV_20251209T023919_20251209T023944_062232_07CA7A_rtc,descending,35
S1C_IW_GRDH_1SDV_20251212T144944_20251212T145014_005420_00AC9A_rtc,ascending,174
S1A_IW_GRDH_1SDV_20251213T144235_20251213T144300_062298_07CD07_rtc,ascending,101
S1A_IW_GRDH_1SDV_20251214T024711_20251214T024736_062305_07CD50_rtc,descending,108
S1C_IW_GRDH_1SDV_20251215T023800_20251215T023829_005456_00ADD3_rtc,descending,35
S1A_IW_GRDH_1SDV_20251218T145051_20251218T145116_062371_07CFD9_rtc,ascending,174
S1C_IW_GRDH_1SDV_20251219T144126_20251219T144151_005522_00B00F_rtc,ascending,101
S1C_IW_GRDH_1SDV_20251219T144151_20251219T144216_005522_00B00F_rtc,ascending,101
S1C_IW_GRDH_1SDV_20251220T024608_20251220T024637_005529_00B04F_rtc,descending,108
S1A_IW_GRDH_1SDV_20251221T023852_20251221T023917_062407_07D13F_rtc,descending,35
S1A_IW_GRDH_1SDV_20251221T023917_20251221T023942_062407_07D13F_rtc,descending,35
S1C_IW_GRDH_1SDV_20251224T144943_20251224T145013_005595_00B298_rtc,ascending,174
S1A_IW_GRDH_1SDV_20251225T144233_20251225T144258_062473_07D3CD_rtc,ascending,101
S1A_IW_GRDH_1SDV_20251226T024709_20251226T024734_062480_07D41E_rtc,descending,108
S1C_IW_GRDH_1SDV_20251227T023759_20251227T023828_005631_00B3DA_rtc,descending,35
S1A_IW_GRDH_1SDV_20251230T145050_20251230T145115_062546_07D69F_rtc,ascending,174
S1C_IW_GRDH_1SDV_20251231T144125_20251231T144150_005697_00B620_rtc,ascending,101
S1C_IW_GRDH_1SDV_20251231T144150_20251231T144215_005697_00B620_rtc,ascending,101
S1C_IW_GRDH_1SDV_20260101T024607_20260101T024637_005704_00B65F_rtc,descending,108
S1A_IW_GRDH_1SDV_20260102T023851_20260102T023916_062582_07D807_rtc,descending,35
S1A_IW_GRDH_1SDV_20260102T023916_20260102T023941_062582_07D807_rtc,descending,35
S1C_IW_GRDH_1SDV_20260105T144942_20260105T145013_005770_00B89A_rtc,ascending,174
S1A_IW_GRDH_1SDV_20260106T144232_20260106T144257_062648_07DA92_rtc,ascending,101
S1A_IW_GRDH_1SDV_20260107T024708_20260107T024733_062655_07DADF_rtc,descending,108
S1C_IW_GRDH_1SDV_20260108T023758_20260108T023827_005806_00B9E4_rtc,descending,35
S1A_IW_GRDH_1SDV_20260111T145049_20260111T145114_062721_07DD57_rtc,ascending,174
S1C_IW_GRDH_1SDV_20260112T144125_20260112T144150_005872_00BC42_rtc,ascending,101
S1C_IW_GRDH_1SDV_20260112T144150_20260112T144215_005872_00BC42_rtc,ascending,101
S1C_IW_GRDH_1SDV_20260113T024607_20260113T024636_005879_00BC84_rtc,descending,108
S1A_IW_GRDH_1SDV_20260114T023850_20260114T023915_062757_07DEBF_rtc,descending,35
S1A_IW_GRDH_1SDV_20260114T023915_20260114T023940_062757_07DEBF_rtc,descending,35
S1C_IW_GRDH_1SDV_20260117T144942_20260117T145013_005945_00BECA_rtc,ascending,174
S1A_IW_GRDH_1SDV_20260118T144231_20260118T144256_062823_07E150_rtc,ascending,101
S1C_IW_GRDH_1SDV_20260120T023758_20260120T023827_005981_00BFFC_rtc,descending,35
S1A_IW_GRDH_1SDV_20260123T145047_20260123T145112_062896_07E3B1_rtc,ascending,174
S1C_IW_GRDH_1SDV_20260124T144124_20260124T144149_006047_00C204_rtc,ascending,101
S1C_IW_GRDH_1SDV_20260124T144149_20260124T144214_006047_00C204_rtc,ascending,101
S1C_IW_GRDH_1SDV_20260125T024606_20260125T024635_006054_00C242_rtc,descending,108
S1A_IW_GRDH_1SDV_20260126T023849_20260126T023914_062932_07E512_rtc,descending,35
S1A_IW_GRDH_1SDV_20260126T023914_20260126T023939_062932_07E512_rtc,descending,35
S1C_IW_GRDH_1SDV_20260129T144942_20260129T145012_006120_00C47B_rtc,ascending,174
S1A_IW_GRDH_1SDV_20260130T144231_20260130T144256_062998_07E795_rtc,ascending,101
S1A_IW_GRDH_1SDV_20260131T024706_20260131T024731_063005_07E7E1_rtc,descending,108
S1C_IW_GRDH_1SDV_20260201T023757_20260201T023827_006156_00C5AE_rtc,descending,35
S1A_IW_GRDH_1SDV_20260204T145047_20260204T145112_063071_07EA49_rtc,ascending,174
S1C_IW_GRDH_1SDV_20260206T024606_20260206T024635_006229_00C82C_rtc,descending,108
S1C_IW_GRDH_1SDV_20260210T144941_20260210T145011_006295_00CA71_rtc,ascending,174
S1A_IW_GRDH_1SDV_20260211T144230_20260211T144255_063173_07EE1C_rtc,ascending,101
S1A_IW_GRDH_1SDV_20260212T024706_20260212T024731_063180_07EE65_rtc,descending,108
S1C_IW_GRDH_1SDV_20260213T023757_20260213T023826_006331_00CBB0_rtc,descending,35
S1A_IW_GRDH_1SDV_20260216T145047_20260216T145112_063246_07F0D2_rtc,ascending,174
S1C_IW_GRDH_1SDV_20260217T144124_20260217T144149_006397_00CDFE_rtc,ascending,101
S1C_IW_GRDH_1SDV_20260217T144149_20260217T144214_006397_00CDFE_rtc,ascending,101
S1C_IW_GRDH_1SDV_20260218T024606_20260218T024635_006404_00CE3E_rtc,descending,108
S1A_IW_GRDH_1SDV_20260219T023848_20260219T023913_063282_07F23C_rtc,descending,35
S1A_IW_GRDH_1SDV_20260219T023913_20260219T023938_063282_07F23C_rtc,descending,35
S1C_IW_GRDH_1SDV_20260222T144941_20260222T145011_006470_00D08A_rtc,ascending,174
S1A_IW_GRDH_1SDV_20260224T024705_20260224T024730_063355_07F508_rtc,descending,108
S1C_IW_GRDH_1SDV_20260225T023757_20260225T023826_006506_00D1C5_rtc,descending,35
S1A_IW_GRDH_1SDV_20260228T145046_20260228T145111_063421_07F789_rtc,ascending,174
S1C_IW_GRDH_1SDV_20260301T144124_20260301T144149_006572_00D419_rtc,ascending,101
S1C_IW_GRDH_1SDV_20260301T144149_20260301T144214_006572_00D419_rtc,ascending,101
S1C_IW_GRDH_1SDV_20260302T024606_20260302T024635_006579_00D457_rtc,descending,108
S1A_IW_GRDH_1SDV_20260303T023848_20260303T023913_063457_07F8E6_rtc,descending,35
S1A_IW_GRDH_1SDV_20260303T023913_20260303T023938_063457_07F8E6_rtc,descending,35
S1C_IW_GRDH_1SDV_20260306T144941_20260306T145011_006645_00D69C_rtc,ascending,174
S1A_IW_GRDH_1SDV_20260307T144229_20260307T144254_063523_07FB67_rtc,ascending,101
S1A_IW_GRDH_1SDV_20260308T024705_20260308T024730_063530_07FBB0_rtc,descending,108
S1C_IW_GRDH_1SDV_20260309T023757_20260309T023826_006681_00D7C9_rtc,descending,35
S1A_IW_GRDH_1SDV_20260312T145047_20260312T145112_063596_07FE29_rtc,ascending,174
S1C_IW_GRDH_1SDV_20260313T144124_20260313T144149_006747_00DA16_rtc,ascending,101
S1C_IW_GRDH_1SDV_20260313T144149_20260313T144214_006747_00DA16_rtc,ascending,101
S1C_IW_GRDH_1SDV_20260314T024606_20260314T024635_006754_00DA57_rtc,descending,108
S1A_IW_GRDH_1SDV_20260315T023848_20260315T023913_063632_07FF8E_rtc,descending,35
S1A_IW_GRDH_1SDV_20260315T023913_20260315T023938_063632_07FF8E_rtc,descending,35
S1C_IW_GRDH_1SDV_20260318T144941_20260318T145012_006820_00DC97_rtc,ascending,174
S1A_IW_GRDH_1SDV_20260319T144229_20260319T144254_063698_0801ED_rtc,ascending,101
S1A_IW_GRDH_1SDV_20260320T024705_20260320T024730_063705_080238_rtc,descending,108
S1C_IW_GRDH_1SDV_20260321T023757_20260321T023826_006856_00DDD0_rtc,descending,35
S1A_IW_GRDH_1SDV_20260324T145047_20260324T145112_063771_0804AE_rtc,ascending,174
S1C_IW_GRDH_1SDV_20260325T144124_20260325T144149_006922_00E014_rtc,ascending,101
S1C_IW_GRDH_1SDV_20260325T144149_20260325T144214_006922_00E014_rtc,ascending,101
S1C_IW_GRDH_1SDV_20260326T024606_20260326T024636_006929_00E055_rtc,descending,108
S1A_IW_GRDH_1SDV_20260327T023848_20260327T023913_063807_080611_rtc,descending,35
S1A_IW_GRDH_1SDV_20260327T023913_20260327T023938_063807_080611_rtc,descending,35
S1C_IW_GRDH_1SDV_20260330T144941_20260330T145012_006995_00E299_rtc,ascending,174
S1A_IW_GRDH_1SDV_20260331T144229_20260331T144254_063873_080870_rtc,ascending,101
S1A_IW_GRDH_1SDV_20260401T024705_20260401T024730_063880_0808BB_rtc,descending,108
S1C_IW_GRDH_1SDV_20260402T023757_20260402T023827_007031_00E3C9_rtc,descending,35
S1A_IW_GRDH_1SDV_20260405T145047_20260405T145112_063946_080B30_rtc,ascending,174
S1C_IW_GRDH_1SDV_20260406T144125_20260406T144150_007097_00E5F8_rtc,ascending,101
S1C_IW_GRDH_1SDV_20260406T144150_20260406T144215_007097_00E5F8_rtc,ascending,101
S1A_IW_GRDH_1SDV_20260408T023848_20260408T023913_063982_080C99_rtc,descending,35
S1A_IW_GRDH_1SDV_20260408T023913_20260408T023938_063982_080C99_rtc,descending,35
S1A_IW_GRDH_1SDV_20260412T144229_20260412T144254_064048_080F01_rtc,ascending,101
S1A_IW_GRDH_1SDV_20260413T024705_20260413T024730_064055_080F4E_rtc,descending,108
S1C_IW_GRDH_1SDV_20260414T023758_20260414T023827_007206_00E9A5_rtc,descending,35
S1A_IW_GRDH_1SDV_20260417T145047_20260417T145112_064121_0811C2_rtc,ascending,174
S1C_IW_GRDH_1SDV_20260418T144125_20260418T144150_007272_00EBD9_rtc,ascending,101
S1C_IW_GRDH_1SDV_20260418T144150_20260418T144215_007272_00EBD9_rtc,ascending,101
S1C_IW_GRDH_1SDV_20260419T024607_20260419T024636_007279_00EC1D_rtc,descending,108
S1A_IW_GRDH_1SDV_20260420T023848_20260420T023913_064157_081325_rtc,descending,35
S1A_IW_GRDH_1SDV_20260420T023913_20260420T023938_064157_081325_rtc,descending,35
S1C_IW_GRDH_1SDV_20260423T144943_20260423T145013_007345_00EE60_rtc,ascending,174
S1A_IW_GRDH_1SDV_20260424T144230_20260424T144255_064223_08158E_rtc,ascending,101
S1A_IW_GRDH_1SDV_20260425T024705_20260425T024730_064230_0815D9_rtc,descending,108
S1C_IW_GRDH_1SDV_20260426T023759_20260426T023828_007381_00EF92_rtc,descending,35
S1A_IW_GRDH_1SDV_20260429T145046_20260429T145111_064296_081848_rtc,ascending,174
S1C_IW_GRDH_1SDV_20260430T144126_20260430T144151_007447_00F1D2_rtc,ascending,101
S1C_IW_GRDH_1SDV_20260430T144151_20260430T144216_007447_00F1D2_rtc,ascending,101
S1C_IW_GRDH_1SDV_20260501T024608_20260501T024637_007454_00F20F_rtc,descending,108
S1A_IW_GRDH_1SDV_20260502T023848_20260502T023913_064332_0819A2_rtc,descending,35
S1A_IW_GRDH_1SDV_20260502T023913_20260502T023938_064332_0819A2_rtc,descending,35
S1C_IW_GRDH_1SDV_20260505T144943_20260505T145014_007520_00F44D_rtc,ascending,174
S1A_IW_GRDH_1SDV_20260506T144229_20260506T144254_064398_081C09_rtc,ascending,101
S1A_IW_GRDH_1SDV_20260507T024705_20260507T024730_064405_081C55_rtc,descending,108
S1C_IW_GRDH_1SDV_20260508T023759_20260508T023829_007556_00F57D_rtc,descending,35
S1A_IW_GRDH_1SDV_20260511T145046_20260511T145111_064471_081EA4_rtc,ascending,174
S1C_IW_GRDH_1SDV_20260512T144127_20260512T144152_007622_00F7B9_rtc,ascending,101
S1C_IW_GRDH_1SDV_20260512T144152_20260512T144217_007622_00F7B9_rtc,ascending,101
S1C_IW_GRDH_1SDV_20260513T024609_20260513T024638_007629_00F7FB_rtc,descending,108
S1D_IW_GRDH_1SDV_20260513T144136_20260513T144201_002767_004AD4_rtc,ascending,101
S1D_IW_GRDH_1SDV_20260513T144201_20260513T144226_002767_004AD4_rtc,ascending,101
S1A_IW_GRDH_1SDV_20260514T023847_20260514T023912_064507_081FEA_rtc,descending,35
S1A_IW_GRDH_1SDV_20260514T023912_20260514T023937_064507_081FEA_rtc,descending,35
S1D_IW_GRDH_1SDV_20260514T024619_20260514T024648_002774_004B15_rtc,descending,108
S1C_IW_GRDH_1SDV_20260517T144944_20260517T145015_007695_00FA39_rtc,ascending,174
S1A_IW_GRDH_1SDV_20260518T144229_20260518T144254_064573_082235_rtc,ascending,101
S1D_IW_GRDH_1SDV_20260518T144954_20260518T145025_002840_004D44_rtc,ascending,174
S1A_IW_GRDH_1SDV_20260519T024705_20260519T024730_064580_08227A_rtc,descending,108
S1C_IW_GRDH_1SDV_20260520T023800_20260520T023830_007731_00FB5F_rtc,descending,35
S1D_IW_GRDH_1SDV_20260521T023810_20260521T023839_002876_004E7B_rtc,descending,35
S1A_IW_GRDH_1SDV_20260523T145046_20260523T145111_064646_0824BA_rtc,ascending,174
S1C_IW_GRDH_1SDV_20260524T144127_20260524T144152_007797_00FD93_rtc,ascending,101
S1C_IW_GRDH_1SDV_20260524T144152_20260524T144217_007797_00FD93_rtc,ascending,101
S1C_IW_GRDH_1SDV_20260525T024609_20260525T024639_007804_00FDD2_rtc,descending,108
S1D_IW_GRDH_1SDV_20260525T144137_20260525T144202_002942_0050A9_rtc,ascending,101
S1D_IW_GRDH_1SDV_20260525T144202_20260525T144227_002942_0050A9_rtc,ascending,101
S1A_IW_GRDH_1SDV_20260526T023847_20260526T023912_064682_082606_rtc,descending,35
S1A_IW_GRDH_1SDV_20260526T023912_20260526T023937_064682_082606_rtc,descending,35
S1D_IW_GRDH_1SDV_20260526T024619_20260526T024649_002949_0050E9_rtc,descending,108
S1C_IW_GRDH_1SDV_20260529T144945_20260529T145015_007870_01000F_rtc,ascending,174
S1A_IW_GRDH_1SDV_20260530T144228_20260530T144253_064748_08285A_rtc,ascending,101
S1D_IW_GRDH_1SDV_20260530T144955_20260530T145025_003015_005316_rtc,ascending,174
S1A_IW_GRDH_1SDV_20260531T024704_20260531T024729_064755_08289D_rtc,descending,108
S1C_IW_GRDH_1SDV_20260601T023801_20260601T023830_007906_01013C_rtc,descending,35
S1D_IW_GRDH_1SDV_20260602T023811_20260602T023840_003051_005448_rtc,descending,35
S1A_IW_GRDH_1SDV_20260604T145045_20260604T145110_064821_082AE4_rtc,ascending,174
S1C_IW_GRDH_1SDV_20260605T144128_20260605T144153_007972_010364_rtc,ascending,101
S1C_IW_GRDH_1SDV_20260605T144153_20260605T144218_007972_010364_rtc,ascending,101
S1D_IW_GRDH_1SDV_20260607T024620_20260607T024649_003124_0056BB_rtc,descending,108
S1D_IW_GRDH_1SDV_20260614T023812_20260614T023841_003226_005A15_rtc,descending,35
S1A_IW_GRDH_1SDV_20260616T145044_20260616T145109_064996_0830F7_rtc,ascending,174
S1D_IW_GRDH_1SDV_20260618T144139_20260618T144204_003292_005C3E_rtc,ascending,101
S1D_IW_GRDH_1SDV_20260618T144204_20260618T144229_003292_005C3E_rtc,ascending,101
S1A_IW_GRDH_1SDV_20260619T023846_20260619T023911_065032_08324C_rtc,descending,35
S1A_IW_GRDH_1SDV_20260619T023911_20260619T023936_065032_08324C_rtc,descending,35
S1D_IW_GRDH_1SDV_20260619T024621_20260619T024650_003299_005C79_rtc,descending,108
S1A_IW_GRDH_1SDV_20260623T144227_20260623T144252_065098_08349D_rtc,ascending,101
S1D_IW_GRDH_1SDV_20260623T144956_20260623T145027_003365_005E9D_rtc,ascending,174
S1A_IW_GRDH_1SDV_20260624T024702_20260624T024727_065105_0834DE_rtc,descending,108
S1C_IW_GRDH_1SDV_20260625T024608_20260625T024637_008256_01052B_rtc,descending,35
S1D_IW_GRDH_1SDV_20260626T023805_20260626T023830_003401_005FC8_rtc,descending,35
S1D_IW_GRDH_1SDV_20260626T023830_20260626T023855_003401_005FC8_rtc,descending,35
S1A_IW_GRDH_1SDV_20260628T145044_20260628T145109_065171_083720_rtc,ascending,174
S1C_IW_GRDH_1SDV_20260629T144943_20260629T145014_008322_010772_rtc,ascending,174
S1D_IW_GRDH_1SDV_20260630T144144_20260630T144209_003467_0061FD_rtc,ascending,101
S1D_IW_GRDH_1SDV_20260701T024622_20260701T024647_003474_00623A_rtc,descending,108
S1C_IW_GRDH_1SDV_20260702T023800_20260702T023829_008358_0108A2_rtc,descending,35
S1C_IW_GRDH_1SDV_20260706T144127_20260706T144152_008424_010AAC_rtc,ascending,101
S1C_IW_GRDH_1SDV_20260706T144152_20260706T144217_008424_010AAC_rtc,ascending,101
S1C_IW_GRDH_1SDV_20260707T024609_20260707T024638_008431_010AEF_rtc,descending,108
S1D_IW_GRDH_1SDV_20260708T023805_20260708T023830_003576_0065A9_rtc,descending,35
S1D_IW_GRDH_1SDV_20260708T023830_20260708T023855_003576_0065A9_rtc,descending,35
S1C_IW_GRDH_1SDV_20260711T144944_20260711T145015_008497_010D28_rtc,ascending,174
S1D_IW_GRDH_1SDV_20260712T144145_20260712T144210_003642_0067E9_rtc,ascending,101
S1D_IW_GRDH_1SDV_20260713T024623_20260713T024648_003649_00682C_rtc,descending,108
S1C_IW_GRDH_1SDV_20260714T023800_20260714T023830_008533_010E4B_rtc,descending,35
S1D_IW_GRDH_1SDV_20260717T144957_20260717T145022_003715_006A68_rtc,ascending,174
S1C_IW_GRDH_1SDV_20260718T144128_20260718T144153_008599_01107B_rtc,ascending,101
S1C_IW_GRDH_1SDV_20260718T144153_20260718T144218_008599_01107B_rtc,ascending,101
S1C_IW_GRDH_1SDV_20260719T024610_20260719T024639_008606_0110BE_rtc,descending,108
S1D_IW_GRDH_1SDV_20260720T023806_20260720T023831_003751_006BA4_rtc,descending,35
S1D_IW_GRDH_1SDV_20260720T023831_20260720T023856_003751_006BA4_rtc,descending,35
S1C_IW_GRDH_1SDV_20260723T144945_20260723T145015_008672_0112F8_rtc,ascending,174
S1D_IW_GRDH_1SDV_20260724T144145_20260724T144210_003817_006DE8_rtc,ascending,101
S1D_IW_GRDH_1SDV_20260725T024624_20260725T024649_003824_006E2E_rtc,descending,108
S1C_IW_GRDH_1SDV_20260726T023801_20260726T023830_008708_01141B_rtc,descending,35
S1D_IW_GRDH_1SDV_20260729T144958_20260729T145023_003890_00706B_rtc,ascending,174
S1C_IW_GRDH_1SDV_20260730T144128_20260730T144153_008774_01163E_rtc,ascending,101
S1C_IW_GRDH_1SDV_20260730T144153_20260730T144218_008774_01163E_rtc,ascending,101
S1C_IW_GRDH_1SDV_20260731T024610_20260731T024640_008781_01167C_rtc,descending,108
S1D_IW_GRDH_1SDV_20260801T023807_20260801T023832_003926_0071B0_rtc,descending,35
S1D_IW_GRDH_1SDV_20260801T023832_20260801T023857_003926_0071B0_rtc,descending,35
S1C_IW_GRDH_1SDV_20260804T144945_20260804T145016_008847_0118CC_rtc,ascending,174
S1D_IW_GRDH_1SDV_20260805T144146_20260805T144211_003992_007402_rtc,ascending,101
S1D_IW_GRDH_1SDV_20260806T024624_20260806T024649_003999_007444_rtc,descending,108
S1C_IW_GRDH_1SDV_20260807T023802_20260807T023831_008883_0119F0_rtc,descending,35
S1D_IW_GRDH_1SDV_20260810T144958_20260810T145023_004065_007680_rtc,ascending,174
S1C_IW_GRDH_1SDV_20260811T144129_20260811T144154_008949_011C12_rtc,ascending,101
S1C_IW_GRDH_1SDV_20260811T144154_20260811T144219_008949_011C12_rtc,ascending,101
S1C_IW_GRDH_1SDV_20260812T024611_20260812T024640_008956_011C50_rtc,descending,108
S1D_IW_GRDH_1SDV_20260813T023807_20260813T023832_004101_0077C4_rtc,descending,35
S1D_IW_GRDH_1SDV_20260813T023832_20260813T023857_004101_0077C4_rtc,descending,35
S1C_IW_GRDH_1SDV_20260816T144946_20260816T145017_009022_011E91_rtc,ascending,174
S1D_IW_GRDH_1SDV_20260817T144146_20260817T144211_004167_007A05_rtc,ascending,101
S1D_IW_GRDH_1SDV_20260818T024625_20260818T024650_004174_007A47_rtc,descending,108
S1C_IW_GRDH_1SDV_20260819T023802_20260819T023832_009058_011FAF_rtc,descending,35
S1D_IW_GRDH_1SDV_20260822T144959_20260822T145024_004240_007C9A_rtc,ascending,174
S1C_IW_GRDH_1SDV_20260823T144130_20260823T144155_009124_0121D7_rtc,ascending,101
S1C_IW_GRDH_1SDV_20260823T144155_20260823T144220_009124_0121D7_rtc,ascending,101
S1C_IW_GRDH_1SDV_20260824T024612_20260824T024641_009131_01221B_rtc,descending,108
S1D_IW_GRDH_1SDV_20260825T023808_20260825T023833_004276_007DE2_rtc,descending,35
S1D_IW_GRDH_1SDV_20260825T023833_20260825T023858_004276_007DE2_rtc,descending,35
S1C_IW_GRDH_1SDV_20260828T144947_20260828T145018_009197_012460_rtc,ascending,174
S1D_IW_GRDH_1SDV_20260829T144147_20260829T144212_004342_008030_rtc,ascending,101
S1D_IW_GRDH_1SDV_20260830T024626_20260830T024651_004349_008072_rtc,descending,108
S1C_IW_GRDH_1SDV_20260831T023803_20260831T023832_009233_012589_rtc,descending,35
S1D_IW_GRDH_1SDV_20260903T144959_20260903T145024_004415_0082C0_rtc,ascending,174
S1C_IW_GRDH_1SDV_20260904T144130_20260904T144155_009299_0127C0_rtc,ascending,101
S1C_IW_GRDH_1SDV_20260904T144155_20260904T144220_009299_0127C0_rtc,ascending,101
S1C_IW_GRDH_1SDV_20260905T024612_20260905T024641_009306_012806_rtc,descending,108
S1D_IW_GRDH_1SDV_20260906T023808_20260906T023833_004451_0083FC_rtc,descending,35
S1D_IW_GRDH_1SDV_20260906T023833_20260906T023858_004451_0083FC_rtc,descending,35
S1C_IW_GRDH_1SDV_20260909T144947_20260909T145018_009372_012A45_rtc,ascending,174
S1D_IW_GRDH_1SDV_20260910T144147_20260910T144212_004517_00864C_rtc,ascending,101
S1D_IW_GRDH_1SDV_20260911T024626_20260911T024651_004524_00868E_rtc,descending,108
S1C_IW_GRDH_1SDV_20260912T023803_20260912T023833_009408_012B66_rtc,descending,35
S1D_IW_GRDH_1SDV_20260915T145000_20260915T145025_004590_0088C9_rtc,ascending,174
S1C_IW_GRDH_1SDV_20260916T144130_20260916T144155_009474_012D86_rtc,ascending,101
S1C_IW_GRDH_1SDV_20260916T144155_20260916T144220_009474_012D86_rtc,ascending,101
S1C_IW_GRDH_1SDV_20260917T024612_20260917T024642_009481_012DC8_rtc,descending,108
S1D_IW_GRDH_1SDV_20260918T023809_20260918T023834_004626_008A06_rtc,descending,35
S1D_IW_GRDH_1SDV_20260918T023834_20260918T023859_004626_008A06_rtc,descending,35
S1C_IW_GRDH_1SDV_20260921T144947_20260921T145018_009547_012FFE_rtc,ascending,174
S1D_IW_GRDH_1SDV_20260922T144148_20260922T144213_004692_008C4C_rtc,ascending,101
