dosya,tur,ay,rapor_sayfasi,adres,erisim_tarihi,bayt,sha256
pdf/r103_1787051735548-66e880938d110c20.pdf,aylık rapor PDF,2025-06,https://www.somooil.gov.iq/ar/researches/103,https://www.somooil.gov.iq/storage/1787051735548-66e880938d110c20.pdf,2026-09-25,232583,e712f2ba1a420c24e333f0904608352cc67a7de458ba6748ec9af8dd3de2054e
pdf/r104_1787051699616-0d1d018bf6aa330e.pdf,aylık rapor PDF,2025-07,https://www.somooil.gov.iq/ar/researches/104,https://www.somooil.gov.iq/storage/1787051699616-0d1d018bf6aa330e.pdf,2026-09-25,227870,2490c7bdc12913990299fc15e7da487f203cd0e00f3dbf3a83b9b769a2f0fb22
pdf/r105_1787051660031-4a57a8daa7d391a5.pdf,aylık rapor PDF,2025-08,https://www.somooil.gov.iq/ar/researches/105,https://www.somooil.gov.iq/storage/1787051660031-4a57a8daa7d391a5.pdf,2026-09-25,230787,1bc7ceda46ceee61824c1da2b49b1566d3498c3da8913e9299a035a13fa81280
pdf/r106_1787051617575-c8105f9a2caa55d0.pdf,aylık rapor PDF,2025-09,https://www.somooil.gov.iq/ar/researches/106,https://www.somooil.gov.iq/storage/1787051617575-c8105f9a2caa55d0.pdf,2026-09-25,165115,76bf0e238186c560134a0465c664c58e7d260b48df6cba2a059fbcaeebe87215
pdf/r107_1787051564855-c481faf5294a1452.pdf,aylık rapor PDF,2025-10,https://www.somooil.gov.iq/ar/researches/107,https://www.somooil.gov.iq/storage/1787051564855-c481faf5294a1452.pdf,2026-09-25,167699,8a9a51d0a18efdf6a502b2867bdee86dbd091b607b2ac5d8f4e444d9071c6de9
pdf/r108_1787051526185-9ab7875f57c7765a.pdf,aylık rapor PDF,2025-11,https://www.somooil.gov.iq/ar/researches/108,https://www.somooil.gov.iq/storage/1787051526185-9ab7875f57c7765a.pdf,2026-09-25,226781,02c9f7685627ccfa32d3900585dd2d1a989eb3e68b5c02869bc6741652df1a2e
pdf/r109_1787051463498-506d825e69d6af2f.pdf,aylık rapor PDF,2025-12,https://www.somooil.gov.iq/ar/researches/109,https://www.somooil.gov.iq/storage/1787051463498-506d825e69d6af2f.pdf,2026-09-25,223425,887010b119b0f344d9eccd074dea43de8ca5a965703fead398957d55f55f2ebf
pdf/r110_1787051315564-4dcd3da37cdf0a81.pdf,aylık rapor PDF,2026-01,https://www.somooil.gov.iq/ar/researches/110,https://www.somooil.gov.iq/storage/1787051315564-4dcd3da37cdf0a81.pdf,2026-09-25,221534,ed204a9eff655d652c810c099f8effd732cea6202cb45c741c6dfc8b1fe32738
pdf/r111_1787051291231-ae7be3f016f88963.pdf,aylık rapor PDF,2026-02,https://www.somooil.gov.iq/ar/researches/111,https://www.somooil.gov.iq/storage/1787051291231-ae7be3f016f88963.pdf,2026-09-25,215588,31c0b505e25d0242923b3b3ae08afdbd6983934ea0dc6ef281769e06d418ff8d
pdf/r112_1787051207834-82886a7a393d7302.pdf,aylık rapor PDF,2026-03,https://www.somooil.gov.iq/ar/researches/112,https://www.somooil.gov.iq/storage/1787051207834-82886a7a393d7302.pdf,2026-09-25,214454,908e628d101df574f4eb231b642ff7b3af50b137246cf28ce1f55fbb48d37be0
pdf/r115_1788685433113-63ee0a7ef17ba282.pdf,aylık rapor PDF,2026-08,https://www.somooil.gov.iq/ar/researches/115,https://www.somooil.gov.iq/storage/1788685433113-63ee0a7ef17ba282.pdf,2026-09-25,206453,a6b108f86d95a42eb6c3376c6023f9f509f99f3242e2b00cc423efc2a0f1ff03
somo_exports_chart_2026-09-24.html,ihracat grafiği anlık görüntüsü (HTML),2026-01..2026-06,,https://www.somooil.gov.iq/en/exports/chart,2026-09-24,77010,3b24f248f3af171c34e64d166cd8f477440f5fb5203269255bf1a3d071c07a59
