hx,hy,gece,lon,lat,ulke,bolge
4350,3501,145,43.505,35.015,Irak,Irak (kuzey)
4350,3502,219,43.505,35.025,Irak,Irak (kuzey)
4350,3674,68,43.505,36.745,Irak,Irak (kuzey)
4351,3686,163,43.515,36.865,Irak,Irak (kuzey)
4352,3686,117,43.525,36.865,Irak,Irak (kuzey)
4362,3609,97,43.625,36.095,Irak,Irak (kuzey)
4363,3608,194,43.635,36.085,Irak,Irak (kuzey)
4363,3609,217,43.635,36.095,Irak,Irak (kuzey)
4363,3610,35,43.635,36.105000000000004,Irak,Irak (kuzey)
4364,3608,195,43.645,36.085,Irak,Irak (kuzey)
4367,3601,80,43.675000000000004,36.015,Irak,Irak (kuzey)
4368,3601,376,43.685,36.015,Irak,Irak (kuzey)
4368,3602,31,43.685,36.025,Irak,Irak (kuzey)
4372,3594,31,43.725,35.945,Irak,Irak (kuzey)
4372,3595,358,43.725,35.955,Irak,Irak (kuzey)
4373,3595,38,43.735,35.955,Irak,Irak (kuzey)
4374,3631,28,43.745,36.315,Irak,Irak (kuzey)
4375,3599,160,43.755,35.995,Irak,Irak (kuzey)
4375,3631,59,43.755,36.315,Irak,Irak (kuzey)
4376,3596,297,43.765,35.965,Irak,Irak (kuzey)
4376,3597,230,43.765,35.975,Irak,Irak (kuzey)
4376,3598,232,43.765,35.985,Irak,Irak (kuzey)
4376,3599,251,43.765,35.995,Irak,Irak (kuzey)
4377,3571,131,43.775,35.715,Irak,Irak (kuzey)
4377,3597,244,43.775,35.975,Irak,Irak (kuzey)
4377,3598,122,43.775,35.985,Irak,Irak (kuzey)
4377,3612,79,43.775,36.125,Irak,Irak (kuzey)
4378,3592,153,43.785000000000004,35.925000000000004,Irak,Irak (kuzey)
4378,3612,163,43.785000000000004,36.125,Irak,Irak (kuzey)
4378,3613,33,43.785000000000004,36.135,Irak,Irak (kuzey)
4378,3615,31,43.785000000000004,36.155,Irak,Irak (kuzey)
4379,3489,124,43.795,34.895,Irak,Irak (kuzey)
4379,3592,84,43.795,35.925000000000004,Irak,Irak (kuzey)
4380,3489,505,43.805,34.895,Irak,Irak (kuzey)
4380,3490,38,43.805,34.905,Irak,Irak (kuzey)
4381,3489,90,43.815,34.895,Irak,Irak (kuzey)
4386,3568,48,43.865,35.685,Irak,Irak (kuzey)
4387,3568,474,43.875,35.685,Irak,Irak (kuzey)
4388,3568,156,43.885,35.685,Irak,Irak (kuzey)
4395,2649,121,43.955,26.495,Suudi Arabistan,Suudi Arabistan
4396,2649,293,43.965,26.495,Suudi Arabistan,Suudi Arabistan
4396,3565,117,43.965,35.655,Irak,Irak (kuzey)
4396,3566,452,43.965,35.665,Irak,Irak (kuzey)
4399,3576,56,43.995,35.765,Irak,Irak (kuzey)
4399,3577,442,43.995,35.775,Irak,Irak (kuzey)
4400,3562,445,44.005,35.625,Irak,Irak (kuzey)
4400,3563,250,44.005,35.635,Irak,Irak (kuzey)
4401,3486,154,44.015,34.865,Irak,Irak (kuzey)
4401,3562,242,44.015,35.625,Irak,Irak (kuzey)
4401,3563,91,44.015,35.635,Irak,Irak (kuzey)
4402,3486,462,44.025,34.865,Irak,Irak (kuzey)
4402,3572,54,44.025,35.725,Irak,Irak (kuzey)
4403,3571,36,44.035000000000004,35.715,Irak,Irak (kuzey)
4403,3572,436,44.035000000000004,35.725,Irak,Irak (kuzey)
4403,3573,160,44.035000000000004,35.735,Irak,Irak (kuzey)
4404,3572,391,44.045,35.725,Irak,Irak (kuzey)
4406,3567,395,44.065,35.675000000000004,Irak,Irak (kuzey)
4408,3233,105,44.085,32.335,Irak,Irak (güney)
4409,3232,51,44.095,32.325,Irak,Irak (güney)
4409,3233,286,44.095,32.335,Irak,Irak (güney)
4412,3182,149,44.125,31.825,Irak,Irak (güney)
4415,3548,460,44.155,35.485,Irak,Irak (kuzey)
4418,3541,60,44.185,35.415,Irak,Irak (kuzey)
4419,3541,185,44.195,35.415,Irak,Irak (kuzey)
4421,3537,31,44.215,35.375,Irak,Irak (kuzey)
4421,3538,445,44.215,35.385,Irak,Irak (kuzey)
4421,3541,190,44.215,35.415,Irak,Irak (kuzey)
4421,3542,52,44.215,35.425000000000004,Irak,Irak (kuzey)
4422,3538,73,44.225,35.385,Irak,Irak (kuzey)
4422,3540,408,44.225,35.405,Irak,Irak (kuzey)
4422,3541,100,44.225,35.415,Irak,Irak (kuzey)
4424,3222,34,44.245,32.225,Irak,Irak (güney)
4424,3237,45,44.245,32.375,Irak,Irak (güney)
4425,3222,229,44.255,32.225,Irak,Irak (güney)
4425,3235,28,44.255,32.355000000000004,Irak,Irak (güney)
4426,3222,35,44.265,32.225,Irak,Irak (güney)
4427,3242,116,44.275,32.425,Irak,Irak (güney)
4428,3556,268,44.285000000000004,35.565,Irak,Irak (kuzey)
4429,3283,123,44.295,32.835,Irak,Irak (orta)
4429,3284,99,44.295,32.845,Irak,Irak (orta)
4431,3532,164,44.315,35.325,Irak,Irak (kuzey)
4432,3532,292,44.325,35.325,Irak,Irak (kuzey)
4432,3556,28,44.325,35.565,Irak,Irak (kuzey)
4433,1759,204,44.335,17.595,Suudi Arabistan,Suudi Arabistan
4433,3552,347,44.335,35.525,Irak,Irak (kuzey)
4433,3553,457,44.335,35.535000000000004,Irak,Irak (kuzey)
4433,3556,33,44.335,35.565,Irak,Irak (kuzey)
4434,3348,248,44.345,33.485,Irak,Irak (orta)
4434,3349,47,44.345,33.495,Irak,Irak (orta)
4434,3552,472,44.345,35.525,Irak,Irak (kuzey)
4434,3553,264,44.345,35.535000000000004,Irak,Irak (kuzey)
4436,3349,38,44.365,33.495,Irak,Irak (orta)
4437,3550,35,44.375,35.505,Irak,Irak (kuzey)
4437,3551,45,44.375,35.515,Irak,Irak (kuzey)
4438,3625,62,44.385,36.255,Irak,Irak (kuzey)
4441,3545,293,44.415,35.455,Irak,Irak (kuzey)
4441,3546,81,44.415,35.465,Irak,Irak (kuzey)
4442,3328,51,44.425000000000004,33.285000000000004,Irak,Irak (orta)
4442,3524,211,44.425000000000004,35.245,Irak,Irak (kuzey)
4442,3525,105,44.425000000000004,35.255,Irak,Irak (kuzey)
4442,3545,310,44.425000000000004,35.455,Irak,Irak (kuzey)
4442,3546,49,44.425000000000004,35.465,Irak,Irak (kuzey)
4443,3196,353,44.435,31.965,Irak,Irak (güney)
4443,3328,103,44.435,33.285000000000004,Irak,Irak (orta)
4443,3524,237,44.435,35.245,Irak,Irak (kuzey)
4444,3196,79,44.445,31.965,Irak,Irak (güney)
4445,3328,69,44.455,33.285000000000004,Irak,Irak (orta)
4446,3341,183,44.465,33.415,Irak,Irak (orta)
4447,3534,43,44.475,35.345,Irak,Irak (kuzey)
4456,3332,259,44.565,33.325,Irak,Irak (orta)
4456,3512,344,44.565,35.125,Irak,Irak (kuzey)
4457,3332,378,44.575,33.325,Irak,Irak (orta)
4457,3512,214,44.575,35.125,Irak,Irak (kuzey)
4476,3321,265,44.765,33.215,Irak,Irak (orta)
4476,3322,424,44.765,33.225,Irak,Irak (orta)
4477,3322,41,44.775,33.225,Irak,Irak (orta)
4478,3315,486,44.785000000000004,33.155,Irak,Irak (orta)
4478,3316,59,44.785000000000004,33.165,Irak,Irak (orta)
4481,3512,33,44.815,35.125,Irak,Irak (kuzey)
4482,3511,80,44.825,35.115,Irak,Irak (kuzey)
4482,3512,146,44.825,35.125,Irak,Irak (kuzey)
4486,3336,38,44.865,33.365,Irak,Irak (orta)
4486,3337,112,44.865,33.375,Irak,Irak (orta)
4487,3337,29,44.875,33.375,Irak,Irak (orta)
4490,3121,76,44.905,31.215,Irak,Irak (güney)
4492,3121,191,44.925000000000004,31.215,Irak,Irak (güney)
4493,3414,34,44.935,34.145,Irak,Irak (kuzey)
4494,3414,59,44.945,34.145,Irak,Irak (kuzey)
4497,2469,291,44.975,24.695,Suudi Arabistan,Suudi Arabistan
4500,3566,382,45.005,35.665,Irak,Irak (kuzey)
4500,3567,63,45.005,35.675000000000004,Irak,Irak (kuzey)
4505,3114,116,45.055,31.145,Irak,Irak (güney)
4505,3115,72,45.055,31.155,Irak,Irak (güney)
4507,3560,116,45.075,35.605000000000004,Irak,Irak (kuzey)
4509,3560,111,45.095,35.605000000000004,Irak,Irak (kuzey)
4509,3563,263,45.095,35.635,Irak,Irak (kuzey)
4510,3560,109,45.105000000000004,35.605000000000004,Irak,Irak (kuzey)
4510,3563,69,45.105000000000004,35.635,Irak,Irak (kuzey)
4514,3475,41,45.145,34.755,Irak,Irak (kuzey)
4515,3475,230,45.155,34.755,Irak,Irak (kuzey)
4520,2039,75,45.205,20.395,Suudi Arabistan,Suudi Arabistan
4520,3562,98,45.205,35.625,Irak,Irak (kuzey)
4521,3562,126,45.215,35.625,Irak,Irak (kuzey)
4522,3553,224,45.225,35.535000000000004,Irak,Irak (kuzey)
4525,3123,43,45.255,31.235,Irak,Irak (güney)
4525,3124,304,45.255,31.245,Irak,Irak (güney)
4527,3732,139,45.275,37.325,İran,Batı İran (çoğu Huzistan)
4528,3732,121,45.285000000000004,37.325,İran,Batı İran (çoğu Huzistan)
4535,1857,131,45.355000000000004,18.575,Suudi Arabistan,Suudi Arabistan
4535,1858,104,45.355000000000004,18.585,Suudi Arabistan,Suudi Arabistan
4536,1857,33,45.365,18.575,Suudi Arabistan,Suudi Arabistan
4536,1858,30,45.365,18.585,Suudi Arabistan,Suudi Arabistan
4549,3400,125,45.495,34.005,İran,Batı İran (çoğu Huzistan)
4554,2495,178,45.545,24.955000000000002,Suudi Arabistan,Suudi Arabistan
4556,3542,43,45.565,35.425000000000004,Irak,Irak (kuzey)
4560,2478,292,45.605000000000004,24.785,Suudi Arabistan,Suudi Arabistan
4561,2478,43,45.615,24.785,Suudi Arabistan,Suudi Arabistan
4562,2478,284,45.625,24.785,Suudi Arabistan,Suudi Arabistan
4565,3248,148,45.655,32.485,Irak,Irak (güney)
4565,3249,65,45.655,32.495,Irak,Irak (güney)
4566,3248,455,45.665,32.485,Irak,Irak (güney)
4566,3249,213,45.665,32.495,Irak,Irak (güney)
4589,3371,32,45.895,33.715,İran,Batı İran (çoğu Huzistan)
4595,3135,32,45.955,31.355,Irak,Irak (güney)
4596,3135,475,45.965,31.355,Irak,Irak (güney)
4596,3136,58,45.965,31.365000000000002,Irak,Irak (güney)
4600,3742,104,46.005,37.425000000000004,İran,Batı İran (çoğu Huzistan)
4601,3302,41,46.015,33.025,Irak,Irak (orta)
4601,3303,38,46.015,33.035000000000004,Irak,Irak (orta)
4601,3742,31,46.015,37.425000000000004,İran,Batı İran (çoğu Huzistan)
4603,3176,57,46.035000000000004,31.765,Irak,Irak (güney)
4604,3176,480,46.045,31.765,Irak,Irak (güney)
4604,3741,46,46.045,37.415,İran,Batı İran (çoğu Huzistan)
4605,3176,50,46.055,31.765,Irak,Irak (güney)
4606,3176,438,46.065,31.765,Irak,Irak (güney)
4606,3177,241,46.065,31.775000000000002,Irak,Irak (güney)
4612,3301,411,46.125,33.015,İran,Batı İran (çoğu Huzistan)
4613,3302,336,46.135,33.025,İran,Batı İran (çoğu Huzistan)
4613,3303,43,46.135,33.035000000000004,İran,Batı İran (çoğu Huzistan)
4614,3302,130,46.145,33.025,İran,Batı İran (çoğu Huzistan)
4614,3681,62,46.145,36.815,İran,Batı İran (çoğu Huzistan)
4615,3681,66,46.155,36.815,İran,Batı İran (çoğu Huzistan)
4618,3298,30,46.185,32.985,İran,Batı İran (çoğu Huzistan)
4618,3299,468,46.185,32.995,İran,Batı İran (çoğu Huzistan)
4619,3299,37,46.195,32.995,İran,Batı İran (çoğu Huzistan)
4621,3099,104,46.215,30.995,Irak,Irak (güney)
4622,3099,28,46.225,30.995,Irak,Irak (güney)
4622,3369,341,46.225,33.695,İran,Batı İran (çoğu Huzistan)
4623,3369,98,46.235,33.695,İran,Batı İran (çoğu Huzistan)
4629,3371,57,46.295,33.715,İran,Batı İran (çoğu Huzistan)
4629,3372,92,46.295,33.725,İran,Batı İran (çoğu Huzistan)
4630,2428,43,46.305,24.285,Suudi Arabistan,Suudi Arabistan
4630,2429,324,46.305,24.295,Suudi Arabistan,Suudi Arabistan
4630,3371,32,46.305,33.715,İran,Batı İran (çoğu Huzistan)
4630,3372,56,46.305,33.725,İran,Batı İran (çoğu Huzistan)
4650,3371,33,46.505,33.715,İran,Batı İran (çoğu Huzistan)
4650,3372,119,46.505,33.725,İran,Batı İran (çoğu Huzistan)
4651,3372,56,46.515,33.725,İran,Batı İran (çoğu Huzistan)
4656,2459,76,46.565,24.595,Suudi Arabistan,Suudi Arabistan
4657,2459,297,46.575,24.595,Suudi Arabistan,Suudi Arabistan
4657,2460,285,46.575,24.605,Suudi Arabistan,Suudi Arabistan
4657,3412,195,46.575,34.125,İran,Batı İran (çoğu Huzistan)
4658,3410,67,46.585,34.105000000000004,İran,Batı İran (çoğu Huzistan)
4659,3410,41,46.595,34.105000000000004,İran,Batı İran (çoğu Huzistan)
4670,3055,273,46.705,30.555,Irak,Irak (güney)
4670,3056,191,46.705,30.565,Irak,Irak (güney)
4683,3034,63,46.835,30.345,Irak,Irak (güney)
4683,3035,298,46.835,30.355,Irak,Irak (güney)
4684,3035,35,46.845,30.355,Irak,Irak (güney)
4685,2451,30,46.855000000000004,24.515,Suudi Arabistan,Suudi Arabistan
4686,2450,45,46.865,24.505,Suudi Arabistan,Suudi Arabistan
4686,2451,160,46.865,24.515,Suudi Arabistan,Suudi Arabistan
4687,3429,70,46.875,34.295,İran,Batı İran (çoğu Huzistan)
4688,2456,156,46.885,24.565,Suudi Arabistan,Suudi Arabistan
4688,2457,62,46.885,24.575,Suudi Arabistan,Suudi Arabistan
4693,2450,130,46.935,24.505,Suudi Arabistan,Suudi Arabistan
4701,2441,55,47.015,24.415,Suudi Arabistan,Suudi Arabistan
4701,3259,98,47.015,32.595,İran,Batı İran (çoğu Huzistan)
4702,2441,151,47.025,24.415,Suudi Arabistan,Suudi Arabistan
4705,2494,38,47.055,24.945,Suudi Arabistan,Suudi Arabistan
4706,2494,201,47.065,24.945,Suudi Arabistan,Suudi Arabistan
4706,2495,198,47.065,24.955000000000002,Suudi Arabistan,Suudi Arabistan
4709,3056,71,47.095,30.565,Irak,Irak (güney)
4709,3255,69,47.095,32.555,İran,Batı İran (çoğu Huzistan)
4710,3055,76,47.105000000000004,30.555,Irak,Irak (güney)
4710,3056,480,47.105000000000004,30.565,Irak,Irak (güney)
4710,3255,65,47.105000000000004,32.555,İran,Batı İran (çoğu Huzistan)
4715,2448,77,47.155,24.485,Suudi Arabistan,Suudi Arabistan
4715,2449,273,47.155,24.495,Suudi Arabistan,Suudi Arabistan
4720,3248,246,47.205,32.485,İran,Batı İran (çoğu Huzistan)
4720,3249,271,47.205,32.495,İran,Batı İran (çoğu Huzistan)
4720,3250,452,47.205,32.505,İran,Batı İran (çoğu Huzistan)
4721,3248,230,47.215,32.485,İran,Batı İran (çoğu Huzistan)
4721,3249,276,47.215,32.495,İran,Batı İran (çoğu Huzistan)
4721,3250,42,47.215,32.505,İran,Batı İran (çoğu Huzistan)
4722,3057,35,47.225,30.575,Irak,Irak (güney)
4722,3058,196,47.225,30.585,Irak,Irak (güney)
4723,3057,65,47.235,30.575,Irak,Irak (güney)
4723,3058,264,47.235,30.585,Irak,Irak (güney)
4724,3169,35,47.245,31.695,Irak,Irak (güney)
4724,3225,385,47.245,32.255,Irak,Irak (güney)
4725,3107,344,47.255,31.075,Irak,Irak (güney)
4725,3168,28,47.255,31.685000000000002,Irak,Irak (güney)
4725,3169,432,47.255,31.695,Irak,Irak (güney)
4725,3225,411,47.255,32.255,Irak,Irak (güney)
4726,3103,33,47.265,31.035,Irak,Irak (güney)
4726,3107,258,47.265,31.075,Irak,Irak (güney)
4727,3102,393,47.275,31.025000000000002,Irak,Irak (güney)
4727,3103,365,47.275,31.035,Irak,Irak (güney)
4728,3102,490,47.285000000000004,31.025000000000002,Irak,Irak (güney)
4728,3103,465,47.285000000000004,31.035,Irak,Irak (güney)
4728,3104,69,47.285000000000004,31.045,Irak,Irak (güney)
4728,3435,134,47.285000000000004,34.355000000000004,İran,Batı İran (çoğu Huzistan)
4729,3102,302,47.295,31.025000000000002,Irak,Irak (güney)
4729,3103,150,47.295,31.035,Irak,Irak (güney)
4729,3109,39,47.295,31.095000000000002,Irak,Irak (güney)
4729,3110,463,47.295,31.105,Irak,Irak (güney)
4729,3245,138,47.295,32.455,Irak,Irak (güney)
4730,3049,59,47.305,30.495,Irak,Irak (güney)
4730,3056,35,47.305,30.565,Irak,Irak (güney)
4731,3049,475,47.315,30.495,Irak,Irak (güney)
4731,3056,456,47.315,30.565,Irak,Irak (güney)
4731,3057,124,47.315,30.575,Irak,Irak (güney)
4732,3036,159,47.325,30.365000000000002,Irak,Irak (güney)
4732,3049,183,47.325,30.495,Irak,Irak (güney)
4732,3055,95,47.325,30.555,Irak,Irak (güney)
4732,3056,413,47.325,30.565,Irak,Irak (güney)
4732,3057,364,47.325,30.575,Irak,Irak (güney)
4732,3060,377,47.325,30.605,Irak,Irak (güney)
4732,3061,424,47.325,30.615000000000002,Irak,Irak (güney)
4732,3067,301,47.325,30.675,Irak,Irak (güney)
4732,3068,435,47.325,30.685000000000002,Irak,Irak (güney)
4732,3075,112,47.325,30.755,Irak,Irak (güney)
4732,3076,474,47.325,30.765,Irak,Irak (güney)
4732,3082,457,47.325,30.825,Irak,Irak (güney)
4732,3083,138,47.325,30.835,Irak,Irak (güney)
4732,3087,95,47.325,30.875,Irak,Irak (güney)
4732,3088,295,47.325,30.885,Irak,Irak (güney)
4732,3102,43,47.325,31.025000000000002,Irak,Irak (güney)
4733,3035,479,47.335,30.355,Irak,Irak (güney)
4733,3036,434,47.335,30.365000000000002,Irak,Irak (güney)
4733,3039,92,47.335,30.395,Irak,Irak (güney)
4733,3040,280,47.335,30.405,Irak,Irak (güney)
4733,3055,78,47.335,30.555,Irak,Irak (güney)
4733,3056,439,47.335,30.565,Irak,Irak (güney)
4733,3060,389,47.335,30.605,Irak,Irak (güney)
4733,3061,160,47.335,30.615000000000002,Irak,Irak (güney)
4733,3068,298,47.335,30.685000000000002,Irak,Irak (güney)
4733,3075,37,47.335,30.755,Irak,Irak (güney)
4733,3076,211,47.335,30.765,Irak,Irak (güney)
4733,3082,426,47.335,30.825,Irak,Irak (güney)
4733,3083,128,47.335,30.835,Irak,Irak (güney)
4733,3087,243,47.335,30.875,Irak,Irak (güney)
4733,3088,487,47.335,30.885,Irak,Irak (güney)
4734,3027,135,47.345,30.275000000000002,Irak,Irak (güney)
4734,3028,242,47.345,30.285,Irak,Irak (güney)
4734,3031,458,47.345,30.315,Irak,Irak (güney)
4734,3035,329,47.345,30.355,Irak,Irak (güney)
4734,3036,159,47.345,30.365000000000002,Irak,Irak (güney)
4734,3055,280,47.345,30.555,Irak,Irak (güney)
4734,3056,43,47.345,30.565,Irak,Irak (güney)
4735,3027,322,47.355000000000004,30.275000000000002,Irak,Irak (güney)
4735,3028,296,47.355000000000004,30.285,Irak,Irak (güney)
4735,3031,175,47.355000000000004,30.315,Irak,Irak (güney)
4735,3055,335,47.355000000000004,30.555,Irak,Irak (güney)
4735,3056,32,47.355000000000004,30.565,Irak,Irak (güney)
4735,3435,71,47.355000000000004,34.355000000000004,İran,Batı İran (çoğu Huzistan)
4736,3027,444,47.365,30.275000000000002,Irak,Irak (güney)
4736,3028,449,47.365,30.285,Irak,Irak (güney)
4736,3434,51,47.365,34.345,İran,Batı İran (çoğu Huzistan)
4736,3435,251,47.365,34.355000000000004,İran,Batı İran (çoğu Huzistan)
4738,3019,392,47.385,30.195,Irak,Irak (güney)
4738,3020,336,47.385,30.205000000000002,Irak,Irak (güney)
4738,3021,444,47.385,30.215,Irak,Irak (güney)
4738,3055,191,47.385,30.555,Irak,Irak (güney)
4739,3019,112,47.395,30.195,Irak,Irak (güney)
4739,3020,463,47.395,30.205000000000002,Irak,Irak (güney)
4739,3021,426,47.395,30.215,Irak,Irak (güney)
4739,3055,118,47.395,30.555,Irak,Irak (güney)
4739,3212,34,47.395,32.125,Irak,Irak (güney)
4740,3016,54,47.405,30.165,Irak,Irak (güney)
4740,3017,420,47.405,30.175,Irak,Irak (güney)
4740,3211,475,47.405,32.115,Irak,Irak (güney)
4740,3212,400,47.405,32.125,Irak,Irak (güney)
4740,3213,162,47.405,32.135,Irak,Irak (güney)
4740,3236,445,47.405,32.365,Irak,Irak (güney)
4740,3237,40,47.405,32.375,Irak,Irak (güney)
4741,3016,483,47.415,30.165,Irak,Irak (güney)
4741,3017,199,47.415,30.175,Irak,Irak (güney)
4741,3211,458,47.415,32.115,Irak,Irak (güney)
4741,3212,252,47.415,32.125,Irak,Irak (güney)
4741,3213,61,47.415,32.135,Irak,Irak (güney)
4742,3209,464,47.425000000000004,32.095,Irak,Irak (güney)
4742,3234,175,47.425000000000004,32.345,İran,Batı İran (çoğu Huzistan)
4742,3235,94,47.425000000000004,32.355000000000004,İran,Batı İran (çoğu Huzistan)
4743,3167,225,47.435,31.675,Irak,Irak (güney)
4743,3173,37,47.435,31.735,Irak,Irak (güney)
4743,3205,117,47.435,32.055,Irak,Irak (güney)
4743,3206,40,47.435,32.065,Irak,Irak (güney)
4744,3042,196,47.445,30.425,Irak,Irak (güney)
4744,3205,477,47.445,32.055,Irak,Irak (güney)
4744,3206,225,47.445,32.065,Irak,Irak (güney)
4745,3234,53,47.455,32.345,İran,Batı İran (çoğu Huzistan)
4749,3003,34,47.495,30.035,Kuveyt,Kuveyt
4750,3165,45,47.505,31.655,Irak,Irak (güney)
4751,3165,464,47.515,31.655,Irak,Irak (güney)
4751,3166,264,47.515,31.665,Irak,Irak (güney)
4751,3167,46,47.515,31.675,Irak,Irak (güney)
4751,3217,374,47.515,32.175,İran,Batı İran (çoğu Huzistan)
4751,3218,91,47.515,32.185,İran,Batı İran (çoğu Huzistan)
4752,2470,110,47.525,24.705000000000002,Suudi Arabistan,Suudi Arabistan
4752,3165,384,47.525,31.655,Irak,Irak (güney)
4752,3166,351,47.525,31.665,Irak,Irak (güney)
4752,3217,362,47.525,32.175,İran,Batı İran (çoğu Huzistan)
4752,3218,45,47.525,32.185,İran,Batı İran (çoğu Huzistan)
4753,2470,373,47.535000000000004,24.705000000000002,Suudi Arabistan,Suudi Arabistan
4753,3259,53,47.535000000000004,32.595,İran,Batı İran (çoğu Huzistan)
4754,3210,456,47.545,32.105000000000004,Irak,Irak (güney)
4754,3211,35,47.545,32.115,İran,Batı İran (çoğu Huzistan)
4754,3259,467,47.545,32.595,İran,Batı İran (çoğu Huzistan)
4755,3210,331,47.555,32.105000000000004,Irak,Irak (güney)
4758,2902,62,47.585,29.025000000000002,Kuveyt,Kuveyt
4758,3040,99,47.585,30.405,Irak,Irak (güney)
4758,3214,267,47.585,32.145,İran,Batı İran (çoğu Huzistan)
4758,3215,48,47.585,32.155,İran,Batı İran (çoğu Huzistan)
4759,2902,34,47.595,29.025000000000002,Kuveyt,Kuveyt
4759,3040,51,47.595,30.405,Irak,Irak (güney)
4759,3047,185,47.595,30.475,Irak,Irak (güney)
4759,3052,151,47.595,30.525000000000002,Irak,Irak (güney)
4759,3053,302,47.595,30.535,Irak,Irak (güney)
4760,3041,299,47.605000000000004,30.415,Irak,Irak (güney)
4760,3042,260,47.605000000000004,30.425,Irak,Irak (güney)
4760,3047,366,47.605000000000004,30.475,Irak,Irak (güney)
4760,3048,154,47.605000000000004,30.485,Irak,Irak (güney)
4760,3052,431,47.605000000000004,30.525000000000002,Irak,Irak (güney)
4761,3041,74,47.615,30.415,Irak,Irak (güney)
4761,3048,30,47.615,30.485,Irak,Irak (güney)
4761,3051,31,47.615,30.515,Irak,Irak (güney)
4761,3052,471,47.615,30.525000000000002,Irak,Irak (güney)
4761,3105,62,47.615,31.055,Irak,Irak (güney)
4761,3106,396,47.615,31.065,Irak,Irak (güney)
4762,3106,43,47.625,31.065,Irak,Irak (güney)
4762,3107,201,47.625,31.075,Irak,Irak (güney)
4762,3108,417,47.625,31.085,Irak,Irak (güney)
4763,3036,392,47.635,30.365000000000002,Irak,Irak (güney)
4763,3037,121,47.635,30.375,Irak,Irak (güney)
4763,3108,42,47.635,31.085,Irak,Irak (güney)
4765,3034,51,47.655,30.345,Irak,Irak (güney)
4765,3035,265,47.655,30.355,Irak,Irak (güney)
4766,2900,28,47.665,29.005,Kuveyt,Kuveyt
4766,2901,95,47.665,29.015,Kuveyt,Kuveyt
4766,3035,96,47.665,30.355,Irak,Irak (güney)
4766,3045,360,47.665,30.455000000000002,Irak,Irak (güney)
4766,3074,117,47.665,30.745,Irak,Irak (güney)
4766,3075,466,47.665,30.755,Irak,Irak (güney)
4767,2901,40,47.675000000000004,29.015,Kuveyt,Kuveyt
4767,3045,104,47.675000000000004,30.455000000000002,Irak,Irak (güney)
4768,3047,52,47.685,30.475,Irak,Irak (güney)
4769,3161,31,47.695,31.615000000000002,Irak,Irak (güney)
4769,3235,308,47.695,32.355000000000004,İran,Batı İran (çoğu Huzistan)
4769,3236,91,47.695,32.365,İran,Batı İran (çoğu Huzistan)
4770,3102,465,47.705,31.025000000000002,İran,Batı İran (çoğu Huzistan)
4770,3152,28,47.705,31.525000000000002,Irak,Irak (güney)
4770,3153,29,47.705,31.535,Irak,Irak (güney)
4770,3160,28,47.705,31.605,Irak,Irak (güney)
4770,3161,31,47.705,31.615000000000002,Irak,Irak (güney)
4770,3234,128,47.705,32.345,İran,Batı İran (çoğu Huzistan)
4770,3235,478,47.705,32.355000000000004,İran,Batı İran (çoğu Huzistan)
4771,3026,387,47.715,30.265,Irak,Irak (güney)
4771,3027,398,47.715,30.275000000000002,Irak,Irak (güney)
4771,3128,445,47.715,31.285,İran,Batı İran (çoğu Huzistan)
4771,3152,28,47.715,31.525000000000002,Irak,Irak (güney)
4771,3153,32,47.715,31.535,Irak,Irak (güney)
4771,3156,29,47.715,31.565,Irak,Irak (güney)
4771,3159,34,47.715,31.595000000000002,Irak,Irak (güney)
4771,3165,41,47.715,31.655,Irak,Irak (güney)
4771,3166,33,47.715,31.665,Irak,Irak (güney)
4771,3167,35,47.715,31.675,Irak,Irak (güney)
4771,3234,42,47.715,32.345,İran,Batı İran (çoğu Huzistan)
4771,3235,388,47.715,32.355000000000004,İran,Batı İran (çoğu Huzistan)
4772,2989,32,47.725,29.895,Kuveyt,Kuveyt
4772,3027,118,47.725,30.275000000000002,Irak,Irak (güney)
4772,3032,177,47.725,30.325,Irak,Irak (güney)
4772,3152,32,47.725,31.525000000000002,Irak,Irak (güney)
4772,3153,39,47.725,31.535,Irak,Irak (güney)
4772,3155,32,47.725,31.555,Irak,Irak (güney)
4772,3156,34,47.725,31.565,Irak,Irak (güney)
4772,3157,28,47.725,31.575,Irak,Irak (güney)
4772,3164,51,47.725,31.645,Irak,Irak (güney)
4773,3026,38,47.735,30.265,Irak,Irak (güney)
4773,3027,212,47.735,30.275000000000002,Irak,Irak (güney)
4773,3029,67,47.735,30.295,Irak,Irak (güney)
4773,3047,105,47.735,30.475,Irak,Irak (güney)
4773,3155,34,47.735,31.555,Irak,Irak (güney)
4773,3156,36,47.735,31.565,Irak,Irak (güney)
4773,3157,28,47.735,31.575,Irak,Irak (güney)
4773,3160,30,47.735,31.605,Irak,Irak (güney)
4773,3164,29,47.735,31.645,Irak,Irak (güney)
4773,3165,43,47.735,31.655,Irak,Irak (güney)
4773,3324,72,47.735,33.245,İran,Batı İran (çoğu Huzistan)
4773,3325,409,47.735,33.255,İran,Batı İran (çoğu Huzistan)
4774,2900,87,47.745,29.005,Kuveyt,Kuveyt
4774,2984,238,47.745,29.845,Kuveyt,Kuveyt
4774,2985,152,47.745,29.855,Kuveyt,Kuveyt
4774,3027,431,47.745,30.275000000000002,Irak,Irak (güney)
4774,3047,444,47.745,30.475,Irak,Irak (güney)
4774,3155,36,47.745,31.555,İran,Batı İran (çoğu Huzistan)
4774,3156,35,47.745,31.565,Irak,Irak (güney)
4774,3165,29,47.745,31.655,Irak,Irak (güney)
4775,3155,31,47.755,31.555,İran,Batı İran (çoğu Huzistan)
4775,3162,29,47.755,31.625,Irak,Irak (güney)
4776,2981,64,47.765,29.815,Kuveyt,Kuveyt
4776,3056,285,47.765,30.565,Irak,Irak (güney)
4776,3057,31,47.765,30.575,Irak,Irak (güney)
4778,2988,49,47.785000000000004,29.885,Kuveyt,Kuveyt
4778,3108,445,47.785000000000004,31.085,İran,Batı İran (çoğu Huzistan)
4778,3109,242,47.785000000000004,31.095000000000002,İran,Batı İran (çoğu Huzistan)
4778,3165,28,47.785000000000004,31.655,Irak,Irak (güney)
4779,2985,75,47.795,29.855,Kuveyt,Kuveyt
4779,2988,28,47.795,29.885,Kuveyt,Kuveyt
4779,3108,334,47.795,31.085,İran,Batı İran (çoğu Huzistan)
4779,3109,314,47.795,31.095000000000002,İran,Batı İran (çoğu Huzistan)
4779,3129,410,47.795,31.295,İran,Batı İran (çoğu Huzistan)
4779,3130,259,47.795,31.305,İran,Batı İran (çoğu Huzistan)
4780,2985,40,47.805,29.855,Kuveyt,Kuveyt
4783,3143,320,47.835,31.435000000000002,İran,Batı İran (çoğu Huzistan)
4785,3135,455,47.855000000000004,31.355,İran,Batı İran (çoğu Huzistan)
4786,3113,51,47.865,31.135,İran,Batı İran (çoğu Huzistan)
4786,3114,91,47.865,31.145,İran,Batı İran (çoğu Huzistan)
4787,2845,411,47.875,28.455000000000002,Suudi Arabistan,Suudi Arabistan
4787,3113,132,47.875,31.135,İran,Batı İran (çoğu Huzistan)
4787,3114,321,47.875,31.145,İran,Batı İran (çoğu Huzistan)
4790,3709,135,47.905,37.095,İran,Batı İran (çoğu Huzistan)
4791,2857,307,47.915,28.575,Kuveyt,Kuveyt
4791,2858,379,47.915,28.585,Kuveyt,Kuveyt
4791,3085,228,47.915,30.855,Irak,Irak (güney)
4791,3086,408,47.915,30.865000000000002,Irak,Irak (güney)
4792,2857,325,47.925000000000004,28.575,Kuveyt,Kuveyt
4792,3085,407,47.925000000000004,30.855,Irak,Irak (güney)
4792,3086,487,47.925000000000004,30.865000000000002,Irak,Irak (güney)
4793,3085,40,47.935,30.855,Irak,Irak (güney)
4793,3086,70,47.935,30.865000000000002,Irak,Irak (güney)
4794,2893,28,47.945,28.935000000000002,Kuveyt,Kuveyt
4796,2894,113,47.965,28.945,Kuveyt,Kuveyt
4796,3123,301,47.965,31.235,İran,Batı İran (çoğu Huzistan)
4797,3271,102,47.975,32.715,İran,Batı İran (çoğu Huzistan)
4797,3272,305,47.975,32.725,İran,Batı İran (çoğu Huzistan)
4798,2902,33,47.985,29.025000000000002,Kuveyt,Kuveyt
4799,2902,34,47.995000000000005,29.025000000000002,Kuveyt,Kuveyt
4800,2888,63,48.005,28.885,Kuveyt,Kuveyt
4801,2901,42,48.015,29.015,Kuveyt,Kuveyt
4801,2902,86,48.015,29.025000000000002,Kuveyt,Kuveyt
4801,3116,48,48.015,31.165,İran,Batı İran (çoğu Huzistan)
4805,3115,143,48.055,31.155,İran,Batı İran (çoğu Huzistan)
4805,3116,327,48.055,31.165,İran,Batı İran (çoğu Huzistan)
4806,3115,66,48.065,31.155,İran,Batı İran (çoğu Huzistan)
4806,3116,118,48.065,31.165,İran,Batı İran (çoğu Huzistan)
4807,2902,29,48.075,29.025000000000002,Kuveyt,Kuveyt
4808,3041,28,48.085,30.415,Irak,Irak (güney)
4809,2525,38,48.095,25.255,Suudi Arabistan,Suudi Arabistan
4809,3041,192,48.095,30.415,Irak,Irak (güney)
4810,2524,37,48.105000000000004,25.245,Suudi Arabistan,Suudi Arabistan
4810,2525,136,48.105000000000004,25.255,Suudi Arabistan,Suudi Arabistan
4810,3126,38,48.105000000000004,31.265,İran,Batı İran (çoğu Huzistan)
4810,3127,122,48.105000000000004,31.275000000000002,İran,Batı İran (çoğu Huzistan)
4811,3126,411,48.115,31.265,İran,Batı İran (çoğu Huzistan)
4811,3127,478,48.115,31.275000000000002,İran,Batı İran (çoğu Huzistan)
4812,2898,134,48.125,28.985,Kuveyt,Kuveyt
4812,2899,194,48.125,28.995,Kuveyt,Kuveyt
4812,2901,67,48.125,29.015,Kuveyt,Kuveyt
4812,3126,151,48.125,31.265,İran,Batı İran (çoğu Huzistan)
4812,3127,288,48.125,31.275000000000002,İran,Batı İran (çoğu Huzistan)
4813,2904,235,48.135,29.045,Kuveyt,Kuveyt
4813,2905,106,48.135,29.055,Kuveyt,Kuveyt
4813,3100,334,48.135,31.005,İran,Batı İran (çoğu Huzistan)
4814,2900,52,48.145,29.005,Kuveyt,Kuveyt
4814,2901,33,48.145,29.015,Kuveyt,Kuveyt
4814,2902,38,48.145,29.025000000000002,Kuveyt,Kuveyt
4814,2903,133,48.145,29.035,Kuveyt,Kuveyt
4814,2904,79,48.145,29.045,Kuveyt,Kuveyt
4814,3099,28,48.145,30.995,İran,Batı İran (çoğu Huzistan)
4814,3100,354,48.145,31.005,İran,Batı İran (çoğu Huzistan)
4815,2899,87,48.155,28.995,Kuveyt,Kuveyt
4815,2900,89,48.155,29.005,Kuveyt,Kuveyt
4815,2903,31,48.155,29.035,Kuveyt,Kuveyt
4816,2899,171,48.165,28.995,Kuveyt,Kuveyt
4816,2955,189,48.165,29.555,Kuveyt,Kuveyt
4817,2955,70,48.175000000000004,29.555,Kuveyt,Kuveyt
4820,3641,46,48.205,36.415,İran,Batı İran (çoğu Huzistan)
4821,3252,99,48.215,32.525,İran,Batı İran (çoğu Huzistan)
4822,3252,124,48.225,32.525,İran,Batı İran (çoğu Huzistan)
4824,3048,401,48.245000000000005,30.485,İran,Batı İran (çoğu Huzistan)
4824,3050,35,48.245000000000005,30.505,İran,Batı İran (çoğu Huzistan)
4825,3048,61,48.255,30.485,İran,Batı İran (çoğu Huzistan)
4826,3034,126,48.265,30.345,İran,Batı İran (çoğu Huzistan)
4826,3035,65,48.265,30.355,İran,Batı İran (çoğu Huzistan)
4826,3075,30,48.265,30.755,İran,Batı İran (çoğu Huzistan)
4827,3034,366,48.275,30.345,İran,Batı İran (çoğu Huzistan)
4827,3035,95,48.275,30.355,İran,Batı İran (çoğu Huzistan)
4827,3074,358,48.275,30.745,İran,Batı İran (çoğu Huzistan)
4827,3075,464,48.275,30.755,İran,Batı İran (çoğu Huzistan)
4827,3091,28,48.275,30.915,İran,Batı İran (çoğu Huzistan)
4828,3074,369,48.285000000000004,30.745,İran,Batı İran (çoğu Huzistan)
4828,3075,455,48.285000000000004,30.755,İran,Batı İran (çoğu Huzistan)
4828,3272,61,48.285000000000004,32.725,İran,Batı İran (çoğu Huzistan)
4828,3273,217,48.285000000000004,32.735,İran,Batı İran (çoğu Huzistan)
4829,3272,150,48.295,32.725,İran,Batı İran (çoğu Huzistan)
4829,3273,392,48.295,32.735,İran,Batı İran (çoğu Huzistan)
4832,2872,30,48.325,28.725,Kuveyt,Kuveyt
4833,2872,328,48.335,28.725,Kuveyt,Kuveyt
4835,3040,34,48.355000000000004,30.405,İran,Batı İran (çoğu Huzistan)
4836,2870,165,48.365,28.705000000000002,Kuveyt,Kuveyt
4839,3203,43,48.395,32.035000000000004,İran,Batı İran (çoğu Huzistan)
4839,3204,47,48.395,32.045,İran,Batı İran (çoğu Huzistan)
4840,3337,33,48.405,33.375,İran,Batı İran (çoğu Huzistan)
4841,3275,62,48.415,32.755,İran,Batı İran (çoğu Huzistan)
4842,3274,30,48.425000000000004,32.745,İran,Batı İran (çoğu Huzistan)
4842,3275,105,48.425000000000004,32.755,İran,Batı İran (çoğu Huzistan)
4849,3121,459,48.495000000000005,31.215,İran,Batı İran (çoğu Huzistan)
4850,3121,37,48.505,31.215,İran,Batı İran (çoğu Huzistan)
4850,3405,57,48.505,34.055,İran,Batı İran (çoğu Huzistan)
4852,2839,30,48.525,28.395,Suudi Arabistan,Suudi Arabistan
4853,2839,302,48.535000000000004,28.395,Suudi Arabistan,Suudi Arabistan
4853,3232,92,48.535000000000004,32.325,İran,Batı İran (çoğu Huzistan)
4858,3096,48,48.585,30.965,İran,Batı İran (çoğu Huzistan)
4859,3145,73,48.595,31.455000000000002,İran,Batı İran (çoğu Huzistan)
4862,2780,30,48.625,27.805,Suudi Arabistan,Suudi Arabistan
4863,2780,29,48.635,27.805,Suudi Arabistan,Suudi Arabistan
4863,3140,111,48.635,31.405,İran,Batı İran (çoğu Huzistan)
4863,3265,84,48.635,32.655,İran,Batı İran (çoğu Huzistan)
4864,3140,466,48.645,31.405,İran,Batı İran (çoğu Huzistan)
4864,3141,59,48.645,31.415,İran,Batı İran (çoğu Huzistan)
4864,3265,335,48.645,32.655,İran,Batı İran (çoğu Huzistan)
4865,3140,440,48.655,31.405,İran,Batı İran (çoğu Huzistan)
4869,3206,72,48.695,32.065,İran,Batı İran (çoğu Huzistan)
4870,3130,28,48.705,31.305,İran,Batı İran (çoğu Huzistan)
4871,2400,49,48.715,24.005,Suudi Arabistan,Suudi Arabistan
4871,3130,133,48.715,31.305,İran,Batı İran (çoğu Huzistan)
4872,3127,318,48.725,31.275000000000002,İran,Batı İran (çoğu Huzistan)
4873,2799,299,48.735,27.995,Suudi Arabistan,Suudi Arabistan
4873,3126,329,48.735,31.265,İran,Batı İran (çoğu Huzistan)
4873,3127,390,48.735,31.275000000000002,İran,Batı İran (çoğu Huzistan)
4874,2799,99,48.745000000000005,27.995,Suudi Arabistan,Suudi Arabistan
4874,2800,173,48.745000000000005,28.005,Suudi Arabistan,Suudi Arabistan
4876,3130,271,48.765,31.305,İran,Batı İran (çoğu Huzistan)
4877,3130,416,48.775,31.305,İran,Batı İran (çoğu Huzistan)
4878,3179,37,48.785000000000004,31.795,İran,Batı İran (çoğu Huzistan)
4879,2684,41,48.795,26.845,Suudi Arabistan,Suudi Arabistan
4879,3179,28,48.795,31.795,İran,Batı İran (çoğu Huzistan)
4880,2684,38,48.805,26.845,Suudi Arabistan,Suudi Arabistan
4880,3656,149,48.805,36.565,İran,Batı İran (çoğu Huzistan)
4885,2781,61,48.855000000000004,27.815,Suudi Arabistan,Suudi Arabistan
4885,3091,132,48.855000000000004,30.915,İran,Batı İran (çoğu Huzistan)
4885,3092,463,48.855000000000004,30.925,İran,Batı İran (çoğu Huzistan)
4886,2780,63,48.865,27.805,Suudi Arabistan,Suudi Arabistan
4886,2781,109,48.865,27.815,Suudi Arabistan,Suudi Arabistan
4886,3091,90,48.865,30.915,İran,Batı İran (çoğu Huzistan)
4886,3092,368,48.865,30.925,İran,Batı İran (çoğu Huzistan)
4886,3510,55,48.865,35.105000000000004,İran,Batı İran (çoğu Huzistan)
4887,3127,205,48.875,31.275000000000002,İran,Batı İran (çoğu Huzistan)
4887,3128,226,48.875,31.285,İran,Batı İran (çoğu Huzistan)
4888,3127,437,48.885,31.275000000000002,İran,Batı İran (çoğu Huzistan)
4888,3128,172,48.885,31.285,İran,Batı İran (çoğu Huzistan)
4892,2847,32,48.925000000000004,28.475,Suudi Arabistan,Suudi Arabistan
4893,2847,212,48.935,28.475,Suudi Arabistan,Suudi Arabistan
4894,3120,145,48.945,31.205000000000002,İran,Batı İran (çoğu Huzistan)
4894,3121,60,48.945,31.215,İran,Batı İran (çoğu Huzistan)
4894,3122,187,48.945,31.225,İran,Batı İran (çoğu Huzistan)
4894,3235,282,48.945,32.355000000000004,İran,Batı İran (çoğu Huzistan)
4895,2701,30,48.955,27.015,Suudi Arabistan,Suudi Arabistan
4895,3120,475,48.955,31.205000000000002,İran,Batı İran (çoğu Huzistan)
4895,3121,467,48.955,31.215,İran,Batı İran (çoğu Huzistan)
4895,3122,67,48.955,31.225,İran,Batı İran (çoğu Huzistan)
4895,3235,32,48.955,32.355000000000004,İran,Batı İran (çoğu Huzistan)
4896,2758,223,48.965,27.585,Suudi Arabistan,Suudi Arabistan
4896,3123,35,48.965,31.235,İran,Batı İran (çoğu Huzistan)
4897,3124,55,48.975,31.245,İran,Batı İran (çoğu Huzistan)
4898,3123,181,48.985,31.235,İran,Batı İran (çoğu Huzistan)
4898,3124,426,48.985,31.245,İran,Batı İran (çoğu Huzistan)
4899,3123,322,48.995000000000005,31.235,İran,Batı İran (çoğu Huzistan)
4899,3124,46,48.995000000000005,31.245,İran,Batı İran (çoğu Huzistan)
4899,3228,30,48.995000000000005,32.285000000000004,İran,Batı İran (çoğu Huzistan)
4900,3228,434,49.005,32.285000000000004,İran,Batı İran (çoğu Huzistan)
4905,3217,94,49.055,32.175,İran,Batı İran (çoğu Huzistan)
4906,3215,291,49.065,32.155,İran,Batı İran (çoğu Huzistan)
4906,3216,399,49.065,32.165,İran,Batı İran (çoğu Huzistan)
4907,3348,149,49.075,33.485,İran,Batı İran (çoğu Huzistan)
4908,3042,28,49.085,30.425,İran,Batı İran (çoğu Huzistan)
4908,3045,426,49.085,30.455000000000002,İran,Batı İran (çoğu Huzistan)
4908,3048,206,49.085,30.485,İran,Batı İran (çoğu Huzistan)
4908,3229,169,49.085,32.295,İran,Batı İran (çoğu Huzistan)
4908,3230,123,49.085,32.305,İran,Batı İran (çoğu Huzistan)
4909,3042,89,49.095,30.425,İran,Batı İran (çoğu Huzistan)
4909,3045,60,49.095,30.455000000000002,İran,Batı İran (çoğu Huzistan)
4909,3046,42,49.095,30.465,İran,Batı İran (çoğu Huzistan)
4909,3047,42,49.095,30.475,İran,Batı İran (çoğu Huzistan)
4909,3206,96,49.095,32.065,İran,Batı İran (çoğu Huzistan)
4909,3229,247,49.095,32.295,İran,Batı İran (çoğu Huzistan)
4909,3230,161,49.095,32.305,İran,Batı İran (çoğu Huzistan)
4910,2450,80,49.105000000000004,24.505,Suudi Arabistan,Suudi Arabistan
4910,3043,110,49.105000000000004,30.435000000000002,İran,Batı İran (çoğu Huzistan)
4911,3043,161,49.115,30.435000000000002,İran,Batı İran (çoğu Huzistan)
4911,3044,30,49.115,30.445,İran,Batı İran (çoğu Huzistan)
4911,3129,235,49.115,31.295,İran,Batı İran (çoğu Huzistan)
4911,3130,409,49.115,31.305,İran,Batı İran (çoğu Huzistan)
4912,3129,133,49.125,31.295,İran,Batı İran (çoğu Huzistan)
4912,3130,175,49.125,31.305,İran,Batı İran (çoğu Huzistan)
4913,2753,213,49.135,27.535,Suudi Arabistan,Suudi Arabistan
4913,3062,369,49.135,30.625,İran,Batı İran (çoğu Huzistan)
4914,2719,282,49.145,27.195,Suudi Arabistan,Suudi Arabistan
4914,2753,109,49.145,27.535,Suudi Arabistan,Suudi Arabistan
4915,3176,459,49.155,31.765,İran,Batı İran (çoğu Huzistan)
4916,3050,34,49.165,30.505,İran,Batı İran (çoğu Huzistan)
4916,3124,254,49.165,31.245,İran,Batı İran (çoğu Huzistan)
4916,3125,257,49.165,31.255,İran,Batı İran (çoğu Huzistan)
4917,3124,109,49.175000000000004,31.245,İran,Batı İran (çoğu Huzistan)
4917,3125,329,49.175000000000004,31.255,İran,Batı İran (çoğu Huzistan)
4918,2753,73,49.185,27.535,Suudi Arabistan,Suudi Arabistan
4918,3094,214,49.185,30.945,İran,Batı İran (çoğu Huzistan)
4919,2403,157,49.195,24.035,Suudi Arabistan,Suudi Arabistan
4919,2404,162,49.195,24.045,Suudi Arabistan,Suudi Arabistan
4919,2488,236,49.195,24.885,Suudi Arabistan,Suudi Arabistan
4919,3214,151,49.195,32.145,İran,Batı İran (çoğu Huzistan)
4920,2403,64,49.205,24.035,Suudi Arabistan,Suudi Arabistan
4920,2404,83,49.205,24.045,Suudi Arabistan,Suudi Arabistan
4920,2488,33,49.205,24.885,Suudi Arabistan,Suudi Arabistan
4920,2489,52,49.205,24.895,Suudi Arabistan,Suudi Arabistan
4920,2713,105,49.205,27.135,Suudi Arabistan,Suudi Arabistan
4921,2488,34,49.215,24.885,Suudi Arabistan,Suudi Arabistan
4921,2489,54,49.215,24.895,Suudi Arabistan,Suudi Arabistan
4921,2714,194,49.215,27.145,Suudi Arabistan,Suudi Arabistan
4921,2715,96,49.215,27.155,Suudi Arabistan,Suudi Arabistan
4921,3120,268,49.215,31.205000000000002,İran,Batı İran (çoğu Huzistan)
4921,3121,204,49.215,31.215,İran,Batı İran (çoğu Huzistan)
4921,3530,189,49.215,35.305,İran,Batı İran (çoğu Huzistan)
4922,2596,34,49.225,25.965,Suudi Arabistan,Suudi Arabistan
4922,2714,134,49.225,27.145,Suudi Arabistan,Suudi Arabistan
4922,3120,108,49.225,31.205000000000002,İran,Batı İran (çoğu Huzistan)
4926,3164,292,49.265,31.645,İran,Batı İran (çoğu Huzistan)
4926,3165,172,49.265,31.655,İran,Batı İran (çoğu Huzistan)
4927,3131,172,49.275,31.315,İran,Batı İran (çoğu Huzistan)
4927,3132,243,49.275,31.325,İran,Batı İran (çoğu Huzistan)
4927,3164,71,49.275,31.645,İran,Batı İran (çoğu Huzistan)
4927,3165,50,49.275,31.655,İran,Batı İran (çoğu Huzistan)
4928,2520,140,49.285000000000004,25.205000000000002,Suudi Arabistan,Suudi Arabistan
4928,2521,161,49.285000000000004,25.215,Suudi Arabistan,Suudi Arabistan
4928,3131,281,49.285000000000004,31.315,İran,Batı İran (çoğu Huzistan)
4928,3132,447,49.285000000000004,31.325,İran,Batı İran (çoğu Huzistan)
4930,2476,31,49.305,24.765,Suudi Arabistan,Suudi Arabistan
4930,2518,51,49.305,25.185000000000002,Suudi Arabistan,Suudi Arabistan
4930,3612,55,49.305,36.125,İran,Batı İran (çoğu Huzistan)
4931,2517,421,49.315,25.175,Suudi Arabistan,Suudi Arabistan
4931,2518,98,49.315,25.185000000000002,Suudi Arabistan,Suudi Arabistan
4931,2709,36,49.315,27.095,Suudi Arabistan,Suudi Arabistan
4931,2710,54,49.315,27.105,Suudi Arabistan,Suudi Arabistan
4931,2711,48,49.315,27.115000000000002,Suudi Arabistan,Suudi Arabistan
4931,3112,411,49.315,31.125,İran,Batı İran (çoğu Huzistan)
4931,3113,470,49.315,31.135,İran,Batı İran (çoğu Huzistan)
4931,3114,32,49.315,31.145,İran,Batı İran (çoğu Huzistan)
4931,3612,102,49.315,36.125,İran,Batı İran (çoğu Huzistan)
4932,2517,220,49.325,25.175,Suudi Arabistan,Suudi Arabistan
4932,3112,364,49.325,31.125,İran,Batı İran (çoğu Huzistan)
4932,3113,470,49.325,31.135,İran,Batı İran (çoğu Huzistan)
4933,2523,37,49.335,25.235,Suudi Arabistan,Suudi Arabistan
4933,3190,83,49.335,31.905,İran,Batı İran (çoğu Huzistan)
4934,2479,454,49.345,24.795,Suudi Arabistan,Suudi Arabistan
4934,2480,40,49.345,24.805,Suudi Arabistan,Suudi Arabistan
4934,3190,29,49.345,31.905,İran,Batı İran (çoğu Huzistan)
4935,2479,139,49.355000000000004,24.795,Suudi Arabistan,Suudi Arabistan
4936,3107,30,49.365,31.075,İran,Batı İran (çoğu Huzistan)
4938,2563,332,49.385,25.635,Suudi Arabistan,Suudi Arabistan
4938,2564,367,49.385,25.645,Suudi Arabistan,Suudi Arabistan
4938,2565,32,49.385,25.655,Suudi Arabistan,Suudi Arabistan
4938,2947,139,49.385,29.475,İran,Batı İran (çoğu Huzistan)
4938,3103,69,49.385,31.035,İran,Batı İran (çoğu Huzistan)
4938,3104,169,49.385,31.045,İran,Batı İran (çoğu Huzistan)
4939,2563,453,49.395,25.635,Suudi Arabistan,Suudi Arabistan
4939,2564,316,49.395,25.645,Suudi Arabistan,Suudi Arabistan
4939,2947,330,49.395,29.475,İran,Batı İran (çoğu Huzistan)
4939,3103,201,49.395,31.035,İran,Batı İran (çoğu Huzistan)
4939,3104,413,49.395,31.045,İran,Batı İran (çoğu Huzistan)
4940,2478,28,49.405,24.785,Suudi Arabistan,Suudi Arabistan
4940,2479,57,49.405,24.795,Suudi Arabistan,Suudi Arabistan
4940,2567,115,49.405,25.675,Suudi Arabistan,Suudi Arabistan
4940,2568,246,49.405,25.685000000000002,Suudi Arabistan,Suudi Arabistan
4941,2480,387,49.415,24.805,Suudi Arabistan,Suudi Arabistan
4941,2567,63,49.415,25.675,Suudi Arabistan,Suudi Arabistan
4941,2568,152,49.415,25.685000000000002,Suudi Arabistan,Suudi Arabistan
4945,3151,78,49.455,31.515,İran,Batı İran (çoğu Huzistan)
4945,3400,49,49.455,34.005,İran,Batı İran (çoğu Huzistan)
4946,3151,425,49.465,31.515,İran,Batı İran (çoğu Huzistan)
4946,3399,165,49.465,33.995,İran,Batı İran (çoğu Huzistan)
4947,2694,29,49.475,26.945,Suudi Arabistan,Suudi Arabistan
4947,2906,59,49.475,29.065,İran,Batı İran (çoğu Huzistan)
4947,2907,44,49.475,29.075,İran,Batı İran (çoğu Huzistan)
4947,3399,126,49.475,33.995,İran,Batı İran (çoğu Huzistan)
4947,3400,29,49.475,34.005,İran,Batı İran (çoğu Huzistan)
4948,2694,47,49.485,26.945,Suudi Arabistan,Suudi Arabistan
4949,2932,245,49.495000000000005,29.325,İran,Batı İran (çoğu Huzistan)
4949,2933,202,49.495000000000005,29.335,İran,Batı İran (çoğu Huzistan)
4950,2695,43,49.505,26.955000000000002,Suudi Arabistan,Suudi Arabistan
4951,2567,296,49.515,25.675,Suudi Arabistan,Suudi Arabistan
4951,2568,91,49.515,25.685000000000002,Suudi Arabistan,Suudi Arabistan
4951,2698,44,49.515,26.985,Suudi Arabistan,Suudi Arabistan
4951,2702,63,49.515,27.025000000000002,Suudi Arabistan,Suudi Arabistan
4951,3097,227,49.515,30.975,İran,Batı İran (çoğu Huzistan)
4951,3098,362,49.515,30.985,İran,Batı İran (çoğu Huzistan)
4951,3664,134,49.515,36.645,İran,Batı İran (çoğu Huzistan)
4951,3665,119,49.515,36.655,İran,Batı İran (çoğu Huzistan)
4952,2701,82,49.525,27.015,Suudi Arabistan,Suudi Arabistan
4952,2702,256,49.525,27.025000000000002,Suudi Arabistan,Suudi Arabistan
4952,3097,50,49.525,30.975,İran,Batı İran (çoğu Huzistan)
4952,3098,82,49.525,30.985,İran,Batı İran (çoğu Huzistan)
4953,2702,268,49.535000000000004,27.025000000000002,Suudi Arabistan,Suudi Arabistan
4953,3070,288,49.535000000000004,30.705000000000002,İran,Batı İran (çoğu Huzistan)
4953,3071,196,49.535000000000004,30.715,İran,Batı İran (çoğu Huzistan)
4954,2929,331,49.545,29.295,İran,Batı İran (çoğu Huzistan)
4954,3070,322,49.545,30.705000000000002,İran,Batı İran (çoğu Huzistan)
4954,3071,179,49.545,30.715,İran,Batı İran (çoğu Huzistan)
4955,2700,107,49.555,27.005,Suudi Arabistan,Suudi Arabistan
4955,2701,72,49.555,27.015,Suudi Arabistan,Suudi Arabistan
4955,2702,42,49.555,27.025000000000002,Suudi Arabistan,Suudi Arabistan
4955,2703,73,49.555,27.035,Suudi Arabistan,Suudi Arabistan
4955,2704,73,49.555,27.045,Suudi Arabistan,Suudi Arabistan
4955,2705,105,49.555,27.055,Suudi Arabistan,Suudi Arabistan
4955,2929,96,49.555,29.295,İran,Batı İran (çoğu Huzistan)
4955,3145,332,49.555,31.455000000000002,İran,Batı İran (çoğu Huzistan)
4955,3146,228,49.555,31.465,İran,Batı İran (çoğu Huzistan)
4956,2700,73,49.565,27.005,Suudi Arabistan,Suudi Arabistan
4956,2701,33,49.565,27.015,Suudi Arabistan,Suudi Arabistan
4956,2703,327,49.565,27.035,Suudi Arabistan,Suudi Arabistan
4956,2704,63,49.565,27.045,Suudi Arabistan,Suudi Arabistan
4956,2705,84,49.565,27.055,Suudi Arabistan,Suudi Arabistan
4956,2830,30,49.565,28.305,Suudi Arabistan,Suudi Arabistan
4956,2926,61,49.565,29.265,İran,Batı İran (çoğu Huzistan)
4956,2927,75,49.565,29.275000000000002,İran,Batı İran (çoğu Huzistan)
4956,3145,224,49.565,31.455000000000002,İran,Batı İran (çoğu Huzistan)
4956,3146,95,49.565,31.465,İran,Batı İran (çoğu Huzistan)
4957,2701,489,49.575,27.015,Suudi Arabistan,Suudi Arabistan
4957,2702,141,49.575,27.025000000000002,Suudi Arabistan,Suudi Arabistan
4957,2704,81,49.575,27.045,Suudi Arabistan,Suudi Arabistan
4957,2705,32,49.575,27.055,Suudi Arabistan,Suudi Arabistan
4957,2706,143,49.575,27.065,Suudi Arabistan,Suudi Arabistan
4957,2707,78,49.575,27.075,Suudi Arabistan,Suudi Arabistan
4957,2829,45,49.575,28.295,Suudi Arabistan,Suudi Arabistan
4957,2830,76,49.575,28.305,Suudi Arabistan,Suudi Arabistan
4957,2926,37,49.575,29.265,İran,Batı İran (çoğu Huzistan)
4957,2927,41,49.575,29.275000000000002,İran,Batı İran (çoğu Huzistan)
4958,2694,31,49.585,26.945,Suudi Arabistan,Suudi Arabistan
4958,2695,105,49.585,26.955000000000002,Suudi Arabistan,Suudi Arabistan
4958,2701,400,49.585,27.015,Suudi Arabistan,Suudi Arabistan
4958,2704,96,49.585,27.045,Suudi Arabistan,Suudi Arabistan
4958,2706,84,49.585,27.065,Suudi Arabistan,Suudi Arabistan
4958,2829,32,49.585,28.295,Suudi Arabistan,Suudi Arabistan
4958,2830,42,49.585,28.305,Suudi Arabistan,Suudi Arabistan
4958,3098,73,49.585,30.985,İran,Batı İran (çoğu Huzistan)
4959,2694,226,49.595,26.945,Suudi Arabistan,Suudi Arabistan
4959,2695,282,49.595,26.955000000000002,Suudi Arabistan,Suudi Arabistan
4959,3098,469,49.595,30.985,İran,Batı İran (çoğu Huzistan)
4959,3099,154,49.595,30.995,İran,Batı İran (çoğu Huzistan)
4960,2694,55,49.605000000000004,26.945,Suudi Arabistan,Suudi Arabistan
4960,2695,102,49.605000000000004,26.955000000000002,Suudi Arabistan,Suudi Arabistan
4960,2703,106,49.605000000000004,27.035,Suudi Arabistan,Suudi Arabistan
4960,2704,117,49.605000000000004,27.045,Suudi Arabistan,Suudi Arabistan
4960,2707,69,49.605000000000004,27.075,Suudi Arabistan,Suudi Arabistan
4960,3089,208,49.605000000000004,30.895,İran,Batı İran (çoğu Huzistan)
4961,3088,60,49.615,30.885,İran,Batı İran (çoğu Huzistan)
4961,3089,364,49.615,30.895,İran,Batı İran (çoğu Huzistan)
4962,2836,150,49.625,28.365000000000002,Suudi Arabistan,Suudi Arabistan
4962,2837,33,49.625,28.375,Suudi Arabistan,Suudi Arabistan
4963,2861,67,49.635,28.615000000000002,İran,İran (diğer)
4963,2862,134,49.635,28.625,İran,İran (diğer)
4965,3138,99,49.655,31.385,İran,Batı İran (çoğu Huzistan)
4965,3139,71,49.655,31.395,İran,Batı İran (çoğu Huzistan)
4967,3089,413,49.675000000000004,30.895,İran,Batı İran (çoğu Huzistan)
4967,3090,462,49.675000000000004,30.905,İran,Batı İran (çoğu Huzistan)
4968,2993,43,49.685,29.935000000000002,İran,Batı İran (çoğu Huzistan)
4968,2994,436,49.685,29.945,İran,Batı İran (çoğu Huzistan)
4968,3090,33,49.685,30.905,İran,Batı İran (çoğu Huzistan)
4968,3189,303,49.685,31.895,İran,Batı İran (çoğu Huzistan)
4969,2592,92,49.695,25.925,Suudi Arabistan,Suudi Arabistan
4969,2593,77,49.695,25.935000000000002,Suudi Arabistan,Suudi Arabistan
4969,2994,29,49.695,29.945,İran,Batı İran (çoğu Huzistan)
4970,2592,182,49.705,25.925,Suudi Arabistan,Suudi Arabistan
4970,2593,171,49.705,25.935000000000002,Suudi Arabistan,Suudi Arabistan
4970,2849,156,49.705,28.495,İran,İran (diğer)
4971,2848,43,49.715,28.485,İran,İran (diğer)
4971,2849,293,49.715,28.495,İran,İran (diğer)
4972,2849,103,49.725,28.495,İran,İran (diğer)
4975,3083,51,49.755,30.835,İran,Batı İran (çoğu Huzistan)
4975,3084,455,49.755,30.845000000000002,İran,Batı İran (çoğu Huzistan)
4976,3076,52,49.765,30.765,İran,Batı İran (çoğu Huzistan)
4976,3077,225,49.765,30.775000000000002,İran,Batı İran (çoğu Huzistan)
4976,3083,98,49.765,30.835,İran,Batı İran (çoğu Huzistan)
4977,3076,29,49.775,30.765,İran,Batı İran (çoğu Huzistan)
4977,3077,100,49.775,30.775000000000002,İran,Batı İran (çoğu Huzistan)
4978,3078,109,49.785000000000004,30.785,İran,Batı İran (çoğu Huzistan)
4978,3079,393,49.785000000000004,30.795,İran,Batı İran (çoğu Huzistan)
4979,3078,43,49.795,30.785,İran,Batı İran (çoğu Huzistan)
4979,3079,212,49.795,30.795,İran,Batı İran (çoğu Huzistan)
4981,3071,123,49.815,30.715,İran,Batı İran (çoğu Huzistan)
4981,3072,195,49.815,30.725,İran,Batı İran (çoğu Huzistan)
4982,3039,77,49.825,30.395,İran,Batı İran (çoğu Huzistan)
4982,3040,149,49.825,30.405,İran,Batı İran (çoğu Huzistan)
4982,3071,336,49.825,30.715,İran,Batı İran (çoğu Huzistan)
4982,3072,418,49.825,30.725,İran,Batı İran (çoğu Huzistan)
4983,3039,136,49.835,30.395,İran,Batı İran (çoğu Huzistan)
4983,3040,214,49.835,30.405,İran,Batı İran (çoğu Huzistan)
4983,3044,305,49.835,30.445,İran,Batı İran (çoğu Huzistan)
4984,3093,113,49.845,30.935000000000002,İran,Batı İran (çoğu Huzistan)
4985,3038,317,49.855000000000004,30.385,İran,Batı İran (çoğu Huzistan)
4985,3039,353,49.855000000000004,30.395,İran,Batı İran (çoğu Huzistan)
4985,3040,79,49.855000000000004,30.405,İran,Batı İran (çoğu Huzistan)
4985,3093,127,49.855000000000004,30.935000000000002,İran,Batı İran (çoğu Huzistan)
4986,3033,36,49.865,30.335,İran,Batı İran (çoğu Huzistan)
4986,3038,384,49.865,30.385,İran,Batı İran (çoğu Huzistan)
4986,3039,429,49.865,30.395,İran,Batı İran (çoğu Huzistan)
4986,3040,290,49.865,30.405,İran,Batı İran (çoğu Huzistan)
4987,3035,113,49.875,30.355,İran,Batı İran (çoğu Huzistan)
4987,3036,312,49.875,30.365000000000002,İran,Batı İran (çoğu Huzistan)
4987,3039,44,49.875,30.395,İran,Batı İran (çoğu Huzistan)
4987,3094,163,49.875,30.945,İran,Batı İran (çoğu Huzistan)
4988,3031,32,49.885,30.315,İran,Batı İran (çoğu Huzistan)
4988,3032,246,49.885,30.325,İran,Batı İran (çoğu Huzistan)
4988,3035,103,49.885,30.355,İran,Batı İran (çoğu Huzistan)
4988,3036,303,49.885,30.365000000000002,İran,Batı İran (çoğu Huzistan)
4988,3094,76,49.885,30.945,İran,Batı İran (çoğu Huzistan)
4989,3032,68,49.895,30.325,İran,Batı İran (çoğu Huzistan)
4989,3065,132,49.895,30.655,İran,Batı İran (çoğu Huzistan)
4989,3066,93,49.895,30.665,İran,Batı İran (çoğu Huzistan)
4991,3035,76,49.915,30.355,İran,Batı İran (çoğu Huzistan)
4991,3056,28,49.915,30.565,İran,Batı İran (çoğu Huzistan)
4991,3057,429,49.915,30.575,İran,Batı İran (çoğu Huzistan)
4991,3061,266,49.915,30.615000000000002,İran,Batı İran (çoğu Huzistan)
4992,3035,436,49.925000000000004,30.355,İran,Batı İran (çoğu Huzistan)
4992,3057,195,49.925000000000004,30.575,İran,Batı İran (çoğu Huzistan)
4993,3057,102,49.935,30.575,İran,Batı İran (çoğu Huzistan)
4993,3100,148,49.935,31.005,İran,Batı İran (çoğu Huzistan)
4994,2627,190,49.945,26.275000000000002,Suudi Arabistan,Suudi Arabistan
4994,3098,29,49.945,30.985,İran,Batı İran (çoğu Huzistan)
4994,3099,158,49.945,30.995,İran,Batı İran (çoğu Huzistan)
4995,2591,139,49.955,25.915,Suudi Arabistan,Suudi Arabistan
4995,2678,100,49.955,26.785,Suudi Arabistan,Suudi Arabistan
4995,3099,189,49.955,30.995,İran,Batı İran (çoğu Huzistan)
4996,2624,60,49.965,26.245,Suudi Arabistan,Suudi Arabistan
4997,3029,84,49.975,30.295,İran,Batı İran (çoğu Huzistan)
4998,3076,54,49.985,30.765,İran,Batı İran (çoğu Huzistan)
4999,2678,107,49.995000000000005,26.785,Suudi Arabistan,Suudi Arabistan
5000,2677,28,50.005,26.775000000000002,Suudi Arabistan,Suudi Arabistan
5000,3028,49,50.005,30.285,İran,Batı İran (çoğu Huzistan)
5000,3029,117,50.005,30.295,İran,Batı İran (çoğu Huzistan)
5001,2678,82,50.015,26.785,Suudi Arabistan,Suudi Arabistan
5001,3055,38,50.015,30.555,İran,Batı İran (çoğu Huzistan)
5001,3056,471,50.015,30.565,İran,Batı İran (çoğu Huzistan)
5002,2678,34,50.025,26.785,Suudi Arabistan,Suudi Arabistan
5002,3053,148,50.025,30.535,İran,Batı İran (çoğu Huzistan)
5005,3028,28,50.055,30.285,İran,Batı İran (çoğu Huzistan)
5006,3028,231,50.065,30.285,İran,Batı İran (çoğu Huzistan)
5006,3029,315,50.065,30.295,İran,Batı İran (çoğu Huzistan)
5008,2668,59,50.085,26.685000000000002,Suudi Arabistan,Suudi Arabistan
5008,2669,260,50.085,26.695,Suudi Arabistan,Suudi Arabistan
5008,3026,84,50.085,30.265,İran,Batı İran (çoğu Huzistan)
5008,3029,435,50.085,30.295,İran,Batı İran (çoğu Huzistan)
5009,2547,33,50.095,25.475,Suudi Arabistan,Suudi Arabistan
5009,2669,146,50.095,26.695,Suudi Arabistan,Suudi Arabistan
5009,3025,33,50.095,30.255,İran,Batı İran (çoğu Huzistan)
5009,3026,132,50.095,30.265,İran,Batı İran (çoğu Huzistan)
5009,3028,50,50.095,30.285,İran,Batı İran (çoğu Huzistan)
5009,3029,294,50.095,30.295,İran,Batı İran (çoğu Huzistan)
5010,2668,250,50.105000000000004,26.685000000000002,Suudi Arabistan,Suudi Arabistan
5010,3028,446,50.105000000000004,30.285,İran,Batı İran (çoğu Huzistan)
5011,2476,28,50.115,24.765,Suudi Arabistan,Suudi Arabistan
5011,2493,30,50.115,24.935000000000002,Suudi Arabistan,Suudi Arabistan
5011,2568,34,50.115,25.685000000000002,Suudi Arabistan,Suudi Arabistan
5011,2668,292,50.115,26.685000000000002,Suudi Arabistan,Suudi Arabistan
5011,3070,41,50.115,30.705000000000002,İran,Batı İran (çoğu Huzistan)
5011,3071,255,50.115,30.715,İran,Batı İran (çoğu Huzistan)
5012,3071,62,50.125,30.715,İran,Batı İran (çoğu Huzistan)
5013,2582,198,50.135,25.825,Suudi Arabistan,Suudi Arabistan
5014,2548,37,50.145,25.485,Suudi Arabistan,Suudi Arabistan
5015,3024,107,50.155,30.245,İran,Batı İran (çoğu Huzistan)
5017,2475,84,50.175000000000004,24.755,Suudi Arabistan,Suudi Arabistan
5017,2477,51,50.175000000000004,24.775000000000002,Suudi Arabistan,Suudi Arabistan
5017,2549,56,50.175000000000004,25.495,Suudi Arabistan,Suudi Arabistan
5018,2478,44,50.185,24.785,Suudi Arabistan,Suudi Arabistan
5018,2549,34,50.185,25.495,Suudi Arabistan,Suudi Arabistan
5019,2534,53,50.195,25.345,Suudi Arabistan,Suudi Arabistan
5019,3022,127,50.195,30.225,İran,Batı İran (çoğu Huzistan)
5019,3023,76,50.195,30.235,İran,Batı İran (çoğu Huzistan)
5020,2534,68,50.205,25.345,Suudi Arabistan,Suudi Arabistan
5020,3537,237,50.205,35.375,İran,Batı İran (çoğu Huzistan)
5020,3548,117,50.205,35.485,İran,Batı İran (çoğu Huzistan)
5023,2474,40,50.235,24.745,Suudi Arabistan,Suudi Arabistan
5023,2476,54,50.235,24.765,Suudi Arabistan,Suudi Arabistan
5023,2478,56,50.235,24.785,Suudi Arabistan,Suudi Arabistan
5023,2479,36,50.235,24.795,Suudi Arabistan,Suudi Arabistan
5024,2474,44,50.245000000000005,24.745,Suudi Arabistan,Suudi Arabistan
5025,2469,68,50.255,24.695,Suudi Arabistan,Suudi Arabistan
5025,2470,82,50.255,24.705000000000002,Suudi Arabistan,Suudi Arabistan
5025,2479,32,50.255,24.795,Suudi Arabistan,Suudi Arabistan
5028,3034,430,50.285000000000004,30.345,İran,Batı İran (çoğu Huzistan)
5028,3035,102,50.285000000000004,30.355,İran,Batı İran (çoğu Huzistan)
5028,3615,42,50.285000000000004,36.155,İran,Batı İran (çoğu Huzistan)
5029,2924,74,50.295,29.245,İran,Batı İran (çoğu Huzistan)
5029,3034,234,50.295,30.345,İran,Batı İran (çoğu Huzistan)
5029,3035,67,50.295,30.355,İran,Batı İran (çoğu Huzistan)
5030,2921,120,50.305,29.215,İran,Batı İran (çoğu Huzistan)
5030,2923,50,50.305,29.235,İran,Batı İran (çoğu Huzistan)
5030,2924,451,50.305,29.245,İran,Batı İran (çoğu Huzistan)
5030,3034,431,50.305,30.345,İran,Batı İran (çoğu Huzistan)
5030,3065,40,50.305,30.655,İran,Batı İran (çoğu Huzistan)
5030,3066,141,50.305,30.665,İran,Batı İran (çoğu Huzistan)
5030,3570,156,50.305,35.705,İran,Batı İran (çoğu Huzistan)
5031,2921,380,50.315,29.215,İran,Batı İran (çoğu Huzistan)
5032,2921,95,50.325,29.215,İran,Batı İran (çoğu Huzistan)
5032,3065,58,50.325,30.655,İran,Batı İran (çoğu Huzistan)
5032,3066,297,50.325,30.665,İran,Batı İran (çoğu Huzistan)
5033,3065,36,50.335,30.655,İran,Batı İran (çoğu Huzistan)
5033,3066,196,50.335,30.665,İran,Batı İran (çoğu Huzistan)
5034,2973,76,50.345,29.735,İran,Batı İran (çoğu Huzistan)
5035,2973,60,50.355000000000004,29.735,İran,Batı İran (çoğu Huzistan)
5035,3010,270,50.355000000000004,30.105,İran,Batı İran (çoğu Huzistan)
5035,3011,43,50.355000000000004,30.115000000000002,İran,Batı İran (çoğu Huzistan)
5036,2974,124,50.365,29.745,İran,Batı İran (çoğu Huzistan)
5036,2975,83,50.365,29.755,İran,Batı İran (çoğu Huzistan)
5036,2976,296,50.365,29.765,İran,Batı İran (çoğu Huzistan)
5036,3018,45,50.365,30.185000000000002,İran,Batı İran (çoğu Huzistan)
5037,2974,30,50.375,29.745,İran,Batı İran (çoğu Huzistan)
5037,2975,83,50.375,29.755,İran,Batı İran (çoğu Huzistan)
5037,2976,190,50.375,29.765,İran,Batı İran (çoğu Huzistan)
5037,3018,95,50.375,30.185000000000002,İran,Batı İran (çoğu Huzistan)
5038,3019,93,50.385,30.195,İran,Batı İran (çoğu Huzistan)
5038,3061,287,50.385,30.615000000000002,İran,Batı İran (çoğu Huzistan)
5039,3419,40,50.395,34.195,İran,Batı İran (çoğu Huzistan)
5040,3015,94,50.405,30.155,İran,Batı İran (çoğu Huzistan)
5040,3016,43,50.405,30.165,İran,Batı İran (çoğu Huzistan)
5040,3017,139,50.405,30.175,İran,Batı İran (çoğu Huzistan)
5041,3015,254,50.415,30.155,İran,Batı İran (çoğu Huzistan)
5041,3017,39,50.415,30.175,İran,Batı İran (çoğu Huzistan)
5042,3015,468,50.425000000000004,30.155,İran,Batı İran (çoğu Huzistan)
5042,3525,36,50.425000000000004,35.255,İran,Batı İran (çoğu Huzistan)
5042,3526,331,50.425000000000004,35.265,İran,Batı İran (çoğu Huzistan)
5044,3013,134,50.445,30.135,İran,Batı İran (çoğu Huzistan)
5046,3048,69,50.465,30.485,İran,Batı İran (çoğu Huzistan)
5046,3049,113,50.465,30.495,İran,Batı İran (çoğu Huzistan)
5047,3014,120,50.475,30.145,İran,Batı İran (çoğu Huzistan)
5047,3015,88,50.475,30.155,İran,Batı İran (çoğu Huzistan)
5047,3046,61,50.475,30.465,İran,Batı İran (çoğu Huzistan)
5047,3047,242,50.475,30.475,İran,Batı İran (çoğu Huzistan)
5047,3048,55,50.475,30.485,İran,Batı İran (çoğu Huzistan)
5048,3012,61,50.485,30.125,İran,Batı İran (çoğu Huzistan)
5048,3014,29,50.485,30.145,İran,Batı İran (çoğu Huzistan)
5048,3046,87,50.485,30.465,İran,Batı İran (çoğu Huzistan)
5048,3047,344,50.485,30.475,İran,Batı İran (çoğu Huzistan)
5048,3048,477,50.485,30.485,İran,Batı İran (çoğu Huzistan)
5048,3054,131,50.485,30.545,İran,Batı İran (çoğu Huzistan)
5048,3055,104,50.485,30.555,İran,Batı İran (çoğu Huzistan)
5049,3044,76,50.495000000000005,30.445,İran,Batı İran (çoğu Huzistan)
5049,3047,257,50.495000000000005,30.475,İran,Batı İran (çoğu Huzistan)
5050,3043,49,50.505,30.435000000000002,İran,Batı İran (çoğu Huzistan)
5050,3047,57,50.505,30.475,İran,Batı İran (çoğu Huzistan)
5051,3051,89,50.515,30.515,İran,Batı İran (çoğu Huzistan)
5053,3008,156,50.535000000000004,30.085,İran,Batı İran (çoğu Huzistan)
5054,3008,398,50.545,30.085,İran,Batı İran (çoğu Huzistan)
5055,2603,52,50.555,26.035,Bahreyn,Bahreyn
5056,2594,37,50.565,25.945,Bahreyn,Bahreyn
5056,3432,227,50.565,34.325,İran,Batı İran (çoğu Huzistan)
5059,3005,106,50.595,30.055,İran,Batı İran (çoğu Huzistan)
5059,3040,51,50.595,30.405,İran,Batı İran (çoğu Huzistan)
5059,3601,304,50.595,36.015,İran,Batı İran (çoğu Huzistan)
5060,2610,98,50.605000000000004,26.105,Bahreyn,Bahreyn
5060,2611,275,50.605000000000004,26.115000000000002,Bahreyn,Bahreyn
5060,3039,371,50.605000000000004,30.395,İran,Batı İran (çoğu Huzistan)
5061,2610,227,50.615,26.105,Bahreyn,Bahreyn
5061,2611,47,50.615,26.115000000000002,Bahreyn,Bahreyn
5061,3035,147,50.615,30.355,İran,Batı İran (çoğu Huzistan)
5061,3037,49,50.615,30.375,İran,Batı İran (çoğu Huzistan)
5061,3039,463,50.615,30.395,İran,Batı İran (çoğu Huzistan)
5062,3039,376,50.625,30.395,İran,Batı İran (çoğu Huzistan)
5063,3003,460,50.635,30.035,İran,Batı İran (çoğu Huzistan)
5063,3004,414,50.635,30.045,İran,Batı İran (çoğu Huzistan)
5064,2998,77,50.645,29.985,İran,Batı İran (çoğu Huzistan)
5064,3003,31,50.645,30.035,İran,Batı İran (çoğu Huzistan)
5065,3032,39,50.655,30.325,İran,Batı İran (çoğu Huzistan)
5066,2615,240,50.665,26.155,Bahreyn,Bahreyn
5066,2971,371,50.665,29.715,İran,Batı İran (çoğu Huzistan)
5067,2619,337,50.675000000000004,26.195,Bahreyn,Bahreyn
5067,3006,398,50.675000000000004,30.065,İran,Batı İran (çoğu Huzistan)
5067,3036,69,50.675000000000004,30.365000000000002,İran,Batı İran (çoğu Huzistan)
5068,2619,341,50.685,26.195,Bahreyn,Bahreyn
5068,2620,42,50.685,26.205000000000002,Bahreyn,Bahreyn
5068,3030,102,50.685,30.305,İran,Batı İran (çoğu Huzistan)
5068,3031,68,50.685,30.315,İran,Batı İran (çoğu Huzistan)
5071,2997,77,50.715,29.975,İran,Batı İran (çoğu Huzistan)
5071,2998,61,50.715,29.985,İran,Batı İran (çoğu Huzistan)
5071,3027,67,50.715,30.275000000000002,İran,Batı İran (çoğu Huzistan)
5071,3028,50,50.715,30.285,İran,Batı İran (çoğu Huzistan)
5072,2997,200,50.725,29.975,İran,Batı İran (çoğu Huzistan)
5072,2998,213,50.725,29.985,İran,Batı İran (çoğu Huzistan)
5072,3029,113,50.725,30.295,İran,Batı İran (çoğu Huzistan)
5072,3030,136,50.725,30.305,İran,Batı İran (çoğu Huzistan)
5073,3029,409,50.735,30.295,İran,Batı İran (çoğu Huzistan)
5073,3030,309,50.735,30.305,İran,Batı İran (çoğu Huzistan)
5073,3033,118,50.735,30.335,İran,Batı İran (çoğu Huzistan)
5074,2997,46,50.745000000000005,29.975,İran,Batı İran (çoğu Huzistan)
5074,3025,64,50.745000000000005,30.255,İran,Batı İran (çoğu Huzistan)
5074,3029,354,50.745000000000005,30.295,İran,Batı İran (çoğu Huzistan)
5074,3030,126,50.745000000000005,30.305,İran,Batı İran (çoğu Huzistan)
5074,3032,74,50.745000000000005,30.325,İran,Batı İran (çoğu Huzistan)
5074,3040,66,50.745000000000005,30.405,İran,Batı İran (çoğu Huzistan)
5074,3041,72,50.745000000000005,30.415,İran,Batı İran (çoğu Huzistan)
5075,3029,39,50.755,30.295,İran,Batı İran (çoğu Huzistan)
5075,3031,43,50.755,30.315,İran,Batı İran (çoğu Huzistan)
5075,3032,39,50.755,30.325,İran,Batı İran (çoğu Huzistan)
5076,3022,62,50.765,30.225,İran,Batı İran (çoğu Huzistan)
5076,3023,41,50.765,30.235,İran,Batı İran (çoğu Huzistan)
5076,3025,40,50.765,30.255,İran,Batı İran (çoğu Huzistan)
5076,3028,43,50.765,30.285,İran,Batı İran (çoğu Huzistan)
5077,3021,72,50.775,30.215,İran,Batı İran (çoğu Huzistan)
5077,3024,234,50.775,30.245,İran,Batı İran (çoğu Huzistan)
5077,3025,442,50.775,30.255,İran,Batı İran (çoğu Huzistan)
5077,3026,80,50.775,30.265,İran,Batı İran (çoğu Huzistan)
5078,3021,262,50.785000000000004,30.215,İran,Batı İran (çoğu Huzistan)
5078,3022,133,50.785000000000004,30.225,İran,Batı İran (çoğu Huzistan)
5078,3024,164,50.785000000000004,30.245,İran,Batı İran (çoğu Huzistan)
5078,3025,378,50.785000000000004,30.255,İran,Batı İran (çoğu Huzistan)
5078,3026,75,50.785000000000004,30.265,İran,Batı İran (çoğu Huzistan)
5079,2528,43,50.795,25.285,Katar,Katar
5079,2537,65,50.795,25.375,Katar,Katar
5079,2538,276,50.795,25.385,Katar,Katar
5080,2526,85,50.805,25.265,Katar,Katar
5080,2538,303,50.805,25.385,Katar,Katar
5080,3027,133,50.805,30.275000000000002,İran,Batı İran (çoğu Huzistan)
5081,3027,51,50.815,30.275000000000002,İran,Batı İran (çoğu Huzistan)
5082,3026,43,50.825,30.265,İran,Batı İran (çoğu Huzistan)
5083,2993,95,50.835,29.935000000000002,İran,Batı İran (çoğu Huzistan)
5083,2994,320,50.835,29.945,İran,Batı İran (çoğu Huzistan)
5083,3020,89,50.835,30.205000000000002,İran,Batı İran (çoğu Huzistan)
5083,3026,35,50.835,30.265,İran,Batı İran (çoğu Huzistan)
5084,2993,60,50.845,29.935000000000002,İran,Batı İran (çoğu Huzistan)
5084,2994,184,50.845,29.945,İran,Batı İran (çoğu Huzistan)
5085,2519,28,50.855000000000004,25.195,Katar,Katar
5085,3024,212,50.855000000000004,30.245,İran,Batı İran (çoğu Huzistan)
5085,3025,60,50.855000000000004,30.255,İran,Batı İran (çoğu Huzistan)
5086,3018,150,50.865,30.185000000000002,İran,Batı İran (çoğu Huzistan)
5086,3019,117,50.865,30.195,İran,Batı İran (çoğu Huzistan)
5087,2991,446,50.875,29.915,İran,Batı İran (çoğu Huzistan)
5088,2991,67,50.885,29.915,İran,Batı İran (çoğu Huzistan)
5089,3006,187,50.895,30.065,İran,Batı İran (çoğu Huzistan)
5089,3022,97,50.895,30.225,İran,Batı İran (çoğu Huzistan)
5090,3541,67,50.905,35.415,İran,Batı İran (çoğu Huzistan)
5091,3018,99,50.915,30.185000000000002,İran,Batı İran (çoğu Huzistan)
5091,3316,33,50.915,33.165,İran,Batı İran (çoğu Huzistan)
5091,3541,156,50.915,35.415,İran,Batı İran (çoğu Huzistan)
5093,3457,43,50.935,34.575,İran,Batı İran (çoğu Huzistan)
5096,3455,57,50.965,34.555,İran,Batı İran (çoğu Huzistan)
5100,3572,36,51.005,35.725,İran,İran (diğer)
5100,3573,38,51.005,35.735,İran,İran (diğer)
5112,3552,86,51.125,35.525,İran,İran (diğer)
5113,3096,182,51.135,30.965,İran,İran (diğer)
5113,3221,71,51.135,32.215,İran,İran (diğer)
5113,3222,89,51.135,32.225,İran,İran (diğer)
5113,3552,59,51.135,35.525,İran,İran (diğer)
5116,3571,51,51.165,35.715,İran,İran (diğer)
5118,3219,47,51.185,32.195,İran,İran (diğer)
5120,3215,219,51.205,32.155,İran,İran (diğer)
5120,3216,29,51.205,32.165,İran,İran (diğer)
5122,3240,96,51.225,32.405,İran,İran (diğer)
5125,2950,326,51.255,29.505,İran,İran (diğer)
5125,2951,240,51.255,29.515,İran,İran (diğer)
5126,2950,136,51.265,29.505,İran,İran (diğer)
5126,2951,51,51.265,29.515,İran,İran (diğer)
5127,2930,99,51.275,29.305,İran,İran (diğer)
5128,3123,92,51.285000000000004,31.235,İran,İran (diğer)
5130,3242,48,51.305,32.425,İran,İran (diğer)
5131,3242,299,51.315,32.425,İran,İran (diğer)
5132,3240,177,51.325,32.405,İran,İran (diğer)
5132,3241,203,51.325,32.415,İran,İran (diğer)
5132,3242,320,51.325,32.425,İran,İran (diğer)
5132,3554,43,51.325,35.545,İran,İran (diğer)
5133,3240,326,51.335,32.405,İran,İran (diğer)
5133,3241,45,51.335,32.415,İran,İran (diğer)
5134,3242,159,51.345,32.425,İran,İran (diğer)
5135,3242,32,51.355000000000004,32.425,İran,İran (diğer)
5139,3221,61,51.395,32.215,İran,İran (diğer)
5139,3222,57,51.395,32.225,İran,İran (diğer)
5140,2950,300,51.405,29.505,İran,İran (diğer)
5140,3221,40,51.405,32.215,İran,İran (diğer)
5140,3222,29,51.405,32.225,İran,İran (diğer)
5140,3223,319,51.405,32.235,İran,İran (diğer)
5140,3224,80,51.405,32.245,İran,İran (diğer)
5140,3225,93,51.405,32.255,İran,İran (diğer)
5140,3551,112,51.405,35.515,İran,İran (diğer)
5140,3552,125,51.405,35.525,İran,İran (diğer)
5141,3222,42,51.415,32.225,İran,İran (diğer)
5141,3223,414,51.415,32.235,İran,İran (diğer)
5141,3224,418,51.415,32.245,İran,İran (diğer)
5141,3551,48,51.415,35.515,İran,İran (diğer)
5141,3552,106,51.415,35.525,İran,İran (diğer)
5142,3223,444,51.425000000000004,32.235,İran,İran (diğer)
5142,3224,476,51.425000000000004,32.245,İran,İran (diğer)
5142,3310,49,51.425000000000004,33.105000000000004,İran,İran (diğer)
5142,3553,364,51.425000000000004,35.535000000000004,İran,İran (diğer)
5142,3554,302,51.425000000000004,35.545,İran,İran (diğer)
5143,3223,311,51.435,32.235,İran,İran (diğer)
5143,3224,246,51.435,32.245,İran,İran (diğer)
5148,2590,38,51.485,25.905,Katar,Katar
5148,2591,284,51.485,25.915,Katar,Katar
5148,2592,40,51.485,25.925,Katar,Katar
5149,2591,352,51.495000000000005,25.915,Katar,Katar
5150,2590,458,51.505,25.905,Katar,Katar
5150,3277,350,51.505,32.775,İran,İran (diğer)
5150,3278,290,51.505,32.785000000000004,İran,İran (diğer)
5150,3556,59,51.505,35.565,İran,İran (diğer)
5150,3557,262,51.505,35.575,İran,İran (diğer)
5151,2591,41,51.515,25.915,Katar,Katar
5151,3240,414,51.515,32.405,İran,İran (diğer)
5151,3241,90,51.515,32.415,İran,İran (diğer)
5151,3277,54,51.515,32.775,İran,İran (diğer)
5151,3278,48,51.515,32.785000000000004,İran,İran (diğer)
5151,3556,29,51.515,35.565,İran,İran (diğer)
5151,3557,268,51.515,35.575,İran,İran (diğer)
5152,3225,371,51.525,32.255,İran,İran (diğer)
5153,2588,326,51.535000000000004,25.885,Katar,Katar
5153,2589,211,51.535000000000004,25.895,Katar,Katar
5154,2491,131,51.545,24.915,Katar,Katar
5154,2495,98,51.545,24.955000000000002,Katar,Katar
5154,2588,429,51.545,25.885,Katar,Katar
5154,2589,489,51.545,25.895,Katar,Katar
5154,2590,368,51.545,25.905,Katar,Katar
5155,2491,130,51.555,24.915,Katar,Katar
5155,2492,31,51.555,24.925,Katar,Katar
5155,2495,49,51.555,24.955000000000002,Katar,Katar
5155,2588,136,51.555,25.885,Katar,Katar
5155,2589,300,51.555,25.895,Katar,Katar
5155,2590,416,51.555,25.905,Katar,Katar
5155,2591,491,51.555,25.915,Katar,Katar
5156,2491,55,51.565,24.915,Katar,Katar
5156,2492,177,51.565,24.925,Katar,Katar
5156,2587,37,51.565,25.875,Katar,Katar
5156,2588,72,51.565,25.885,Katar,Katar
5156,2591,164,51.565,25.915,Katar,Katar
5156,3251,30,51.565,32.515,İran,İran (diğer)
5157,3257,41,51.575,32.575,İran,İran (diğer)
5158,2495,459,51.585,24.955000000000002,Katar,Katar
5158,3257,298,51.585,32.575,İran,İran (diğer)
5159,2593,37,51.595,25.935000000000002,Katar,Katar
5159,2858,214,51.595,28.585,İran,İran (diğer)
5160,2591,55,51.605000000000004,25.915,Katar,Katar
5160,2593,67,51.605000000000004,25.935000000000002,Katar,Katar
5161,2519,49,51.615,25.195,Katar,Katar
5161,2591,30,51.615,25.915,Katar,Katar
5161,2593,117,51.615,25.935000000000002,Katar,Katar
5168,3189,161,51.685,31.895,İran,İran (diğer)
5169,2956,40,51.695,29.565,İran,İran (diğer)
5171,2612,46,51.715,26.125,Katar,Katar
5178,3569,195,51.785000000000004,35.695,İran,İran (diğer)
5184,3217,116,51.845,32.175,İran,İran (diğer)
5184,3541,28,51.845,35.415,İran,İran (diğer)
5185,2784,28,51.855000000000004,27.845,İran,İran (Asaluyeh)
5185,3541,47,51.855000000000004,35.415,İran,İran (diğer)
5187,3217,29,51.875,32.175,İran,İran (diğer)
5188,3217,135,51.885,32.175,İran,İran (diğer)
5194,2653,65,51.945,26.535,Katar,Katar
5195,2663,31,51.955,26.635,Katar,Katar
5197,2644,44,51.975,26.445,Katar,Katar
5201,2667,32,52.015,26.675,Katar,Katar
5202,2672,95,52.025,26.725,İran,İran (diğer)
5205,3310,165,52.055,33.105000000000004,İran,İran (diğer)
5206,3310,41,52.065,33.105000000000004,İran,İran (diğer)
5208,2868,40,52.085,28.685000000000002,İran,İran (diğer)
5209,2867,49,52.095,28.675,İran,İran (diğer)
5209,2868,429,52.095,28.685000000000002,İran,İran (diğer)
5210,2672,55,52.105000000000004,26.725,İran,İran (diğer)
5212,2590,55,52.125,25.905,Katar,Katar
5213,2590,36,52.135,25.905,Katar,Katar
5213,2672,32,52.135,26.725,İran,İran (diğer)
5213,2775,174,52.135,27.755,İran,İran (Asaluyeh)
5213,2776,141,52.135,27.765,İran,İran (Asaluyeh)
5213,2802,68,52.135,28.025000000000002,İran,İran (Asaluyeh)
5214,2610,56,52.145,26.105,Katar,Katar
5214,2775,109,52.145,27.755,İran,İran (Asaluyeh)
5214,2776,114,52.145,27.765,İran,İran (Asaluyeh)
5215,2774,38,52.155,27.745,İran,İran (Asaluyeh)
5215,2776,41,52.155,27.765,İran,İran (Asaluyeh)
5216,2771,48,52.165,27.715,İran,İran (Asaluyeh)
5216,2772,85,52.165,27.725,İran,İran (Asaluyeh)
5216,2775,397,52.165,27.755,İran,İran (Asaluyeh)
5216,2776,467,52.165,27.765,İran,İran (Asaluyeh)
5217,2771,375,52.175000000000004,27.715,İran,İran (Asaluyeh)
5217,2772,457,52.175000000000004,27.725,İran,İran (Asaluyeh)
5217,2773,279,52.175000000000004,27.735,İran,İran (Asaluyeh)
5217,2774,65,52.175000000000004,27.745,İran,İran (Asaluyeh)
5217,2775,283,52.175000000000004,27.755,İran,İran (Asaluyeh)
5217,2776,336,52.175000000000004,27.765,İran,İran (Asaluyeh)
5218,2601,51,52.185,26.015,Katar,Katar
5218,2770,68,52.185,27.705000000000002,İran,İran (Asaluyeh)
5218,2771,481,52.185,27.715,İran,İran (Asaluyeh)
5218,2772,143,52.185,27.725,İran,İran (Asaluyeh)
5219,2770,31,52.195,27.705000000000002,İran,İran (Asaluyeh)
5219,2771,119,52.195,27.715,İran,İran (Asaluyeh)
5219,2772,30,52.195,27.725,İran,İran (Asaluyeh)
5219,2792,185,52.195,27.925,İran,İran (Asaluyeh)
5219,2793,169,52.195,27.935000000000002,İran,İran (Asaluyeh)
5222,2768,82,52.225,27.685000000000002,İran,İran (Asaluyeh)
5222,2769,30,52.225,27.695,İran,İran (Asaluyeh)
5223,2768,472,52.235,27.685000000000002,İran,İran (Asaluyeh)
5223,2769,330,52.235,27.695,İran,İran (Asaluyeh)
5224,2616,28,52.245000000000005,26.165,Katar,Katar
5224,2768,446,52.245000000000005,27.685000000000002,İran,İran (Asaluyeh)
5225,2616,54,52.255,26.165,Katar,Katar
5225,2767,50,52.255,27.675,İran,İran (Asaluyeh)
5225,2768,408,52.255,27.685000000000002,İran,İran (Asaluyeh)
5232,2624,45,52.325,26.245,Katar,Katar
5233,2624,31,52.335,26.245,Katar,Katar
5238,2549,111,52.385,25.495,Katar,Katar
5240,2566,243,52.405,25.665,Katar,Katar
5240,2567,133,52.405,25.675,Katar,Katar
5244,2962,397,52.445,29.625,İran,İran (diğer)
5252,2757,99,52.525,27.575,İran,İran (Asaluyeh)
5252,2758,69,52.525,27.585,İran,İran (Asaluyeh)
5252,2759,30,52.525,27.595,İran,İran (Asaluyeh)
5253,2559,105,52.535000000000004,25.595,Katar,Katar
5253,2757,88,52.535000000000004,27.575,İran,İran (Asaluyeh)
5253,2758,82,52.535000000000004,27.585,İran,İran (Asaluyeh)
5254,2559,299,52.545,25.595,Katar,Katar
5254,2757,150,52.545,27.575,İran,İran (Asaluyeh)
5254,2758,62,52.545,27.585,İran,İran (Asaluyeh)
5255,2755,48,52.555,27.555,İran,İran (Asaluyeh)
5255,2756,86,52.555,27.565,İran,İran (Asaluyeh)
5256,2754,35,52.565,27.545,İran,İran (Asaluyeh)
5256,2755,50,52.565,27.555,İran,İran (Asaluyeh)
5256,2756,264,52.565,27.565,İran,İran (Asaluyeh)
5257,2753,46,52.575,27.535,İran,İran (Asaluyeh)
5257,2754,349,52.575,27.545,İran,İran (Asaluyeh)
5257,2755,179,52.575,27.555,İran,İran (Asaluyeh)
5257,2958,41,52.575,29.585,İran,İran (diğer)
5258,2751,47,52.585,27.515,İran,İran (Asaluyeh)
5258,2753,177,52.585,27.535,İran,İran (Asaluyeh)
5258,2754,441,52.585,27.545,İran,İran (Asaluyeh)
5258,2755,54,52.585,27.555,İran,İran (Asaluyeh)
5259,2751,475,52.595,27.515,İran,İran (Asaluyeh)
5259,2752,282,52.595,27.525000000000002,İran,İran (Asaluyeh)
5259,2753,218,52.595,27.535,İran,İran (Asaluyeh)
5260,2750,70,52.605000000000004,27.505,İran,İran (Asaluyeh)
5260,2751,113,52.605000000000004,27.515,İran,İran (Asaluyeh)
5260,2752,106,52.605000000000004,27.525000000000002,İran,İran (Asaluyeh)
5260,2753,70,52.605000000000004,27.535,İran,İran (Asaluyeh)
5260,2936,76,52.605000000000004,29.365000000000002,İran,İran (diğer)
5261,2750,264,52.615,27.505,İran,İran (Asaluyeh)
5261,2751,458,52.615,27.515,İran,İran (Asaluyeh)
5261,2936,306,52.615,29.365000000000002,İran,İran (diğer)
5262,2750,391,52.625,27.505,İran,İran (Asaluyeh)
5262,2751,478,52.625,27.515,İran,İran (Asaluyeh)
5263,2748,61,52.635,27.485,İran,İran (Asaluyeh)
5263,2749,160,52.635,27.495,İran,İran (Asaluyeh)
5263,2750,483,52.635,27.505,İran,İran (Asaluyeh)
5264,2748,204,52.645,27.485,İran,İran (Asaluyeh)
5264,2749,478,52.645,27.495,İran,İran (Asaluyeh)
5264,2750,403,52.645,27.505,İran,İran (Asaluyeh)
5264,2911,43,52.645,29.115000000000002,İran,İran (diğer)
5264,2912,169,52.645,29.125,İran,İran (diğer)
5265,2748,183,52.655,27.485,İran,İran (Asaluyeh)
5265,2749,329,52.655,27.495,İran,İran (Asaluyeh)
5265,2973,222,52.655,29.735,İran,İran (diğer)
5266,2411,52,52.665,24.115000000000002,BAE,BAE
5267,2411,59,52.675000000000004,24.115000000000002,BAE,BAE
5267,2412,38,52.675000000000004,24.125,BAE,BAE
5268,2413,132,52.685,24.135,BAE,BAE
5268,2414,221,52.685,24.145,BAE,BAE
5269,2412,181,52.695,24.125,BAE,BAE
5269,2413,116,52.695,24.135,BAE,BAE
5269,2414,44,52.695,24.145,BAE,BAE
5270,2411,37,52.705,24.115000000000002,BAE,BAE
5270,2412,93,52.705,24.125,BAE,BAE
5270,2413,355,52.705,24.135,BAE,BAE
5272,2542,89,52.725,25.425,BAE,BAE
5273,2413,63,52.735,24.135,BAE,BAE
5273,2542,469,52.735,25.425,BAE,BAE
5274,2411,48,52.745000000000005,24.115000000000002,BAE,BAE
5274,2412,33,52.745000000000005,24.125,BAE,BAE
5274,2988,43,52.745000000000005,29.885,İran,İran (diğer)
5275,2411,63,52.755,24.115000000000002,BAE,BAE
5275,2412,53,52.755,24.125,BAE,BAE
5278,2740,204,52.785000000000004,27.405,İran,İran (Asaluyeh)
5280,3582,201,52.805,35.825,İran,İran (diğer)
5280,3583,80,52.805,35.835,İran,İran (diğer)
5283,2919,91,52.835,29.195,İran,İran (diğer)
5283,3582,67,52.835,35.825,İran,İran (diğer)
5284,2918,45,52.845,29.185000000000002,İran,İran (diğer)
5284,2919,384,52.845,29.195,İran,İran (diğer)
5286,2515,308,52.865,25.155,BAE,BAE
5286,2516,340,52.865,25.165,BAE,BAE
5287,2515,93,52.875,25.155,BAE,BAE
5287,2516,494,52.875,25.165,BAE,BAE
5287,2517,243,52.875,25.175,BAE,BAE
5287,2987,55,52.875,29.875,İran,İran (diğer)
5288,2516,111,52.885,25.165,BAE,BAE
5288,2517,42,52.885,25.175,BAE,BAE
5288,2988,32,52.885,29.885,İran,İran (diğer)
5289,2593,37,52.895,25.935000000000002,İran,İran (diğer)
5289,3094,28,52.895,30.945,İran,İran (diğer)
5290,2593,123,52.905,25.935000000000002,İran,İran (diğer)
5296,2747,86,52.965,27.475,İran,İran (Asaluyeh)
5296,2748,422,52.965,27.485,İran,İran (Asaluyeh)
5297,2747,252,52.975,27.475,İran,İran (Asaluyeh)
5297,2748,140,52.975,27.485,İran,İran (Asaluyeh)
5297,2749,36,52.975,27.495,İran,İran (Asaluyeh)
5307,2487,161,53.075,24.875,BAE,BAE
5307,2488,35,53.075,24.885,BAE,BAE
5309,3272,38,53.095,32.725,İran,İran (diğer)
5309,3273,48,53.095,32.735,İran,İran (diğer)
5311,2925,221,53.115,29.255,İran,İran (diğer)
5312,2925,449,53.125,29.255,İran,İran (diğer)
5314,2549,41,53.145,25.495,Diğer,Diğer
5314,2550,342,53.145,25.505,Diğer,Diğer
5314,2551,44,53.145,25.515,Diğer,Diğer
5314,2552,90,53.145,25.525000000000002,Diğer,Diğer
5314,2553,338,53.145,25.535,Diğer,Diğer
5315,2549,48,53.155,25.495,Diğer,Diğer
5315,2550,234,53.155,25.505,Diğer,Diğer
5315,2552,68,53.155,25.525000000000002,Diğer,Diğer
5315,2553,224,53.155,25.535,Diğer,Diğer
5316,2598,65,53.165,25.985,İran,İran (diğer)
5319,2518,142,53.195,25.185000000000002,BAE,BAE
5320,2518,122,53.205,25.185000000000002,BAE,BAE
5320,2519,71,53.205,25.195,BAE,BAE
5321,2518,44,53.215,25.185000000000002,BAE,BAE
5321,2911,53,53.215,29.115000000000002,İran,İran (diğer)
5322,2841,31,53.225,28.415,İran,İran (diğer)
5323,2841,39,53.235,28.415,İran,İran (diğer)
5332,2354,56,53.325,23.545,BAE,BAE
5333,2679,115,53.335,26.795,İran,İran (diğer)
5333,3663,103,53.335,36.635,İran,İran (diğer)
5334,2679,245,53.345,26.795,İran,İran (diğer)
5344,2732,66,53.445,27.325,İran,İran (diğer)
5347,3563,225,53.475,35.635,İran,İran (diğer)
5354,2870,56,53.545,28.705000000000002,İran,İran (diğer)
5362,2382,68,53.625,23.825,BAE,BAE
5362,2383,265,53.625,23.835,BAE,BAE
5364,2384,33,53.645,23.845,BAE,BAE
5364,2385,119,53.645,23.855,BAE,BAE
5365,2384,86,53.655,23.845,BAE,BAE
5365,2385,56,53.655,23.855,BAE,BAE
5365,2484,89,53.655,24.845,BAE,BAE
5366,2383,68,53.665,23.835,BAE,BAE
5370,2391,96,53.705,23.915,BAE,BAE
5372,3239,207,53.725,32.395,İran,İran (diğer)
5374,3238,114,53.745000000000005,32.385,İran,İran (diğer)
5375,3238,207,53.755,32.385,İran,İran (diğer)
5375,3239,380,53.755,32.395,İran,İran (diğer)
5392,2253,32,53.925000000000004,22.535,Suudi Arabistan,Suudi Arabistan
5393,2253,265,53.935,22.535,Suudi Arabistan,Suudi Arabistan
5394,2253,156,53.945,22.535,Suudi Arabistan,Suudi Arabistan
5403,3193,39,54.035000000000004,31.935000000000002,İran,İran (diğer)
5404,2252,62,54.045,22.525000000000002,Suudi Arabistan,Suudi Arabistan
5404,3193,160,54.045,31.935000000000002,İran,İran (diğer)
5404,3194,190,54.045,31.945,İran,İran (diğer)
5404,3195,110,54.045,31.955000000000002,İran,İran (diğer)
5405,2252,95,54.055,22.525000000000002,Suudi Arabistan,Suudi Arabistan
5405,2261,32,54.055,22.615000000000002,Suudi Arabistan,Suudi Arabistan
5405,3192,70,54.055,31.925,İran,İran (diğer)
5406,2260,175,54.065,22.605,Suudi Arabistan,Suudi Arabistan
5406,2261,32,54.065,22.615000000000002,Suudi Arabistan,Suudi Arabistan
5408,3233,352,54.085,32.335,İran,İran (diğer)
5414,2421,48,54.145,24.215,BAE,BAE
5414,2460,81,54.145,24.605,BAE,BAE
5415,2460,147,54.155,24.605,BAE,BAE
5417,2330,59,54.175000000000004,23.305,BAE,BAE
5417,2331,254,54.175000000000004,23.315,BAE,BAE
5418,2331,47,54.185,23.315,BAE,BAE
5418,2869,63,54.185,28.695,İran,İran (diğer)
5418,3632,65,54.185,36.325,İran,İran (diğer)
5422,2327,113,54.225,23.275000000000002,BAE,BAE
5423,2329,51,54.235,23.295,BAE,BAE
5424,2329,33,54.245000000000005,23.295,BAE,BAE
5426,2327,29,54.265,23.275000000000002,BAE,BAE
5428,3184,208,54.285000000000004,31.845000000000002,İran,İran (diğer)
5428,3185,70,54.285000000000004,31.855,İran,İran (diğer)
5429,2570,95,54.295,25.705000000000002,İran,İran (diğer)
5430,2549,63,54.305,25.495,İran,İran (diğer)
5430,2570,286,54.305,25.705000000000002,İran,İran (diğer)
5431,2405,37,54.315,24.055,BAE,BAE
5431,2406,72,54.315,24.065,BAE,BAE
5431,3193,29,54.315,31.935000000000002,İran,İran (diğer)
5432,2405,30,54.325,24.055,BAE,BAE
5432,2406,36,54.325,24.065,BAE,BAE
5432,3214,39,54.325,32.145,İran,İran (diğer)
5442,2559,97,54.425000000000004,25.595,İran,İran (diğer)
5442,2560,68,54.425000000000004,25.605,İran,İran (diğer)
5442,3188,34,54.425000000000004,31.885,İran,İran (diğer)
5442,3203,95,54.425000000000004,32.035000000000004,İran,İran (diğer)
5445,2431,62,54.455,24.315,BAE,BAE
5445,2432,42,54.455,24.325,BAE,BAE
5446,2432,236,54.465,24.325,BAE,BAE
5446,2434,52,54.465,24.345,BAE,BAE
5447,2432,168,54.475,24.325,BAE,BAE
5448,1703,33,54.485,17.035,Umman,Umman
5448,2535,57,54.485,25.355,İran,İran (diğer)
5448,2920,124,54.485,29.205000000000002,İran,İran (diğer)
5452,2590,73,54.525,25.905,İran,İran (diğer)
5453,2589,102,54.535000000000004,25.895,İran,İran (diğer)
5453,2590,502,54.535000000000004,25.905,İran,İran (diğer)
5456,1801,79,54.565,18.015,Umman,Umman
5457,1800,36,54.575,18.005,Umman,Umman
5457,1801,282,54.575,18.015,Umman,Umman
5461,2318,34,54.615,23.185,BAE,BAE
5461,2917,79,54.615,29.175,İran,İran (diğer)
5463,1803,91,54.635,18.035,Umman,Umman
5464,1803,193,54.645,18.035,Umman,Umman
5472,3161,51,54.725,31.615000000000002,İran,İran (diğer)
5472,3162,371,54.725,31.625,İran,İran (diğer)
5474,3162,161,54.745000000000005,31.625,İran,İran (diğer)
5478,3629,114,54.785000000000004,36.295,İran,İran (diğer)
5488,3694,106,54.885,36.945,İran,İran (diğer)
5490,3647,69,54.905,36.475,İran,İran (diğer)
5490,3648,88,54.905,36.485,İran,İran (diğer)
5508,2502,49,55.085,25.025000000000002,BAE,BAE
5510,1831,207,55.105000000000004,18.315,Umman,Umman
5510,1832,298,55.105000000000004,18.325,Umman,Umman
5511,2506,93,55.115,25.065,BAE,BAE
5512,2506,34,55.125,25.065,BAE,BAE
5519,2999,45,55.195,29.995,İran,İran (diğer)
5522,1812,78,55.225,18.125,Umman,Umman
5523,1812,33,55.235,18.125,Umman,Umman
5524,1817,169,55.245000000000005,18.175,Umman,Umman
5524,2515,34,55.245000000000005,25.155,BAE,BAE
5535,2913,87,55.355000000000004,29.135,İran,İran (diğer)
5536,2915,198,55.365,29.155,İran,İran (diğer)
5537,2287,186,55.375,22.875,Umman,Umman
5537,2913,336,55.375,29.135,İran,İran (diğer)
5537,2914,31,55.375,29.145,İran,İran (diğer)
5538,2913,99,55.385,29.135,İran,İran (diğer)
5538,3073,131,55.385,30.735,İran,İran (diğer)
5539,3007,189,55.395,30.075,İran,İran (diğer)
5539,3008,326,55.395,30.085,İran,İran (diğer)
5540,2913,35,55.405,29.135,İran,İran (diğer)
5540,3008,53,55.405,30.085,İran,İran (diğer)
5543,2400,59,55.435,24.005,BAE,BAE
5544,2315,361,55.445,23.155,Umman,Umman
5544,2400,177,55.445,24.005,BAE,BAE
5544,3170,141,55.445,31.705000000000002,İran,İran (diğer)
5545,2315,39,55.455,23.155,Umman,Umman
5545,2318,229,55.455,23.185,Umman,Umman
5545,2319,386,55.455,23.195,Umman,Umman
5546,2318,164,55.465,23.185,Umman,Umman
5546,2319,272,55.465,23.195,Umman,Umman
5548,3729,139,55.485,37.295,İran,İran (diğer)
5549,1869,28,55.495000000000005,18.695,Umman,Umman
5550,1868,301,55.505,18.685,Umman,Umman
5550,1869,52,55.505,18.695,Umman,Umman
5553,2969,65,55.535000000000004,29.695,İran,İran (diğer)
5553,2970,97,55.535000000000004,29.705000000000002,İran,İran (diğer)
5554,2695,272,55.545,26.955000000000002,İran,İran (diğer)
5561,2287,343,55.615,22.875,Umman,Umman
5561,2529,57,55.615,25.295,BAE,BAE
5574,2140,195,55.745000000000005,21.405,Umman,Umman
5574,2141,89,55.745000000000005,21.415,Umman,Umman
5576,3038,51,55.765,30.385,İran,İran (diğer)
5576,3039,61,55.765,30.395,İran,İran (diğer)
5579,2951,104,55.795,29.515,İran,İran (diğer)
5580,2292,134,55.805,22.925,Umman,Umman
5581,2277,65,55.815,22.775000000000002,Umman,Umman
5581,2278,152,55.815,22.785,Umman,Umman
5583,2116,84,55.835,21.165,Umman,Umman
5584,2684,29,55.845,26.845,İran,İran (diğer)
5584,2685,136,55.845,26.855,İran,İran (diğer)
5584,2998,35,55.845,29.985,İran,İran (diğer)
5585,2684,54,55.855000000000004,26.845,İran,İran (diğer)
5585,2685,212,55.855000000000004,26.855,İran,İran (diğer)
5585,2998,162,55.855000000000004,29.985,İran,İran (diğer)
5585,2999,434,55.855000000000004,29.995,İran,İran (diğer)
5586,1855,33,55.865,18.555,Umman,Umman
5586,1856,103,55.865,18.565,Umman,Umman
5586,3037,143,55.865,30.375,İran,İran (diğer)
5586,3038,43,55.865,30.385,İran,İran (diğer)
5590,2690,50,55.905,26.905,İran,İran (diğer)
5591,2689,30,55.915,26.895,İran,İran (diğer)
5591,2690,96,55.915,26.905,İran,İran (diğer)
5592,2287,271,55.925000000000004,22.875,Umman,Umman
5592,2288,34,55.925000000000004,22.885,Umman,Umman
5593,2037,358,55.935,20.375,Umman,Umman
5594,2691,86,55.945,26.915,İran,İran (diğer)
5596,2538,36,55.965,25.385,BAE,BAE
5597,2207,62,55.975,22.075,Umman,Umman
5597,2208,281,55.975,22.085,Umman,Umman
5597,2555,358,55.975,25.555,BAE,BAE
5597,3032,302,55.975,30.325,İran,İran (diğer)
5598,2208,41,55.985,22.085,Umman,Umman
5598,2555,274,55.985,25.555,BAE,BAE
5598,2556,73,55.985,25.565,BAE,BAE
5598,2557,200,55.985,25.575,BAE,BAE
5598,3021,290,55.985,30.215,İran,İran (diğer)
5602,2215,64,56.025,22.155,Umman,Umman
5603,2194,55,56.035000000000004,21.945,Umman,Umman
5604,2716,96,56.045,27.165,İran,İran (diğer)
5605,2161,28,56.055,21.615000000000002,Umman,Umman
5605,2715,29,56.055,27.155,İran,İran (diğer)
5605,2716,438,56.055,27.165,İran,İran (diğer)
5605,2717,228,56.055,27.175,İran,İran (diğer)
5606,2161,79,56.065,21.615000000000002,Umman,Umman
5606,2596,314,56.065,25.965,BAE,BAE
5606,2597,270,56.065,25.975,BAE,BAE
5606,2717,46,56.065,27.175,İran,İran (diğer)
5607,2597,237,56.075,25.975,BAE,BAE
5607,2716,73,56.075,27.165,İran,İran (diğer)
5609,2715,112,56.095,27.155,İran,İran (diğer)
5609,2716,275,56.095,27.165,İran,İran (diğer)
5610,2528,75,56.105000000000004,25.285,BAE,BAE
5610,2714,42,56.105000000000004,27.145,İran,İran (diğer)
5610,2715,209,56.105000000000004,27.155,İran,İran (diğer)
5610,2716,281,56.105000000000004,27.165,İran,İran (diğer)
5611,2528,38,56.115,25.285,BAE,BAE
5611,2714,318,56.115,27.145,İran,İran (diğer)
5612,3036,183,56.125,30.365000000000002,İran,İran (diğer)
5612,3037,77,56.125,30.375,İran,İran (diğer)
5622,2555,42,56.225,25.555,BAE,BAE
5622,3032,62,56.225,30.325,İran,İran (diğer)
5623,3699,85,56.235,36.995,İran,İran (diğer)
5624,2266,63,56.245000000000005,22.665,Umman,Umman
5624,2267,275,56.245000000000005,22.675,Umman,Umman
5625,2267,120,56.255,22.675,Umman,Umman
5628,2336,242,56.285000000000004,23.365000000000002,Umman,Umman
5630,2730,337,56.305,27.305,İran,İran (diğer)
5637,2530,32,56.375,25.305,BAE,BAE
5641,2055,124,56.415,20.555,Umman,Umman
5641,2166,39,56.415,21.665,Umman,Umman
5642,2055,135,56.425000000000004,20.555,Umman,Umman
5643,2234,91,56.435,22.345,Umman,Umman
5645,1934,140,56.455,19.345,Umman,Umman
5645,1935,35,56.455,19.355,Umman,Umman
5645,3096,35,56.455,30.965,İran,İran (diğer)
5646,1934,146,56.465,19.345,Umman,Umman
5646,2233,51,56.465,22.335,Umman,Umman
5647,2232,109,56.475,22.325,Umman,Umman
5648,2232,87,56.485,22.325,Umman,Umman
5648,3143,78,56.485,31.435000000000002,İran,İran (diğer)
5649,2232,79,56.495000000000005,22.325,Umman,Umman
5649,2742,97,56.495000000000005,27.425,İran,İran (diğer)
5649,3143,227,56.495000000000005,31.435000000000002,İran,İran (diğer)
5650,2742,322,56.505,27.425,İran,İran (diğer)
5653,2100,56,56.535000000000004,21.005,Umman,Umman
5655,2445,262,56.555,24.455000000000002,Umman,Umman
5659,2449,95,56.595,24.495,Umman,Umman
5659,2450,334,56.595,24.505,Umman,Umman
5660,2450,480,56.605000000000004,24.505,Umman,Umman
5661,2446,56,56.615,24.465,Umman,Umman
5661,2447,52,56.615,24.475,Umman,Umman
5661,2450,36,56.615,24.505,Umman,Umman
5661,3066,71,56.615,30.665,İran,İran (diğer)
5662,2446,86,56.625,24.465,Umman,Umman
5662,3066,218,56.625,30.665,İran,İran (diğer)
5663,2446,110,56.635,24.465,Umman,Umman
5663,2447,41,56.635,24.475,Umman,Umman
5664,2446,29,56.645,24.465,Umman,Umman
5665,3075,185,56.655,30.755,İran,İran (diğer)
5666,3074,49,56.665,30.745,İran,İran (diğer)
5667,2183,215,56.675000000000004,21.835,Umman,Umman
5668,2183,359,56.685,21.835,Umman,Umman
5669,2133,206,56.695,21.335,Umman,Umman
5669,2244,68,56.695,22.445,Umman,Umman
5670,2133,100,56.705,21.335,Umman,Umman
5670,2244,65,56.705,22.445,Umman,Umman
5671,3023,82,56.715,30.235,İran,İran (diğer)
5673,2992,282,56.735,29.925,İran,İran (diğer)
5673,2994,75,56.735,29.945,İran,İran (diğer)
5677,2098,166,56.775,20.985,Umman,Umman
5681,3049,97,56.815,30.495,İran,İran (diğer)
5681,3050,85,56.815,30.505,İran,İran (diğer)
5682,3049,37,56.825,30.495,İran,İran (diğer)
5682,3050,79,56.825,30.505,İran,İran (diğer)
5684,2188,189,56.845,21.885,Umman,Umman
5684,2189,347,56.845,21.895,Umman,Umman
5684,3303,40,56.845,33.035000000000004,İran,İran (diğer)
5684,3304,270,56.845,33.045,İran,İran (diğer)
5685,3304,75,56.855000000000004,33.045,İran,İran (diğer)
5690,3023,401,56.905,30.235,İran,İran (diğer)
5691,3023,107,56.915,30.235,İran,İran (diğer)
5696,2146,34,56.965,21.465,Umman,Umman
5698,2240,318,56.985,22.405,Umman,Umman
5699,2240,140,56.995000000000005,22.405,Umman,Umman
5706,3589,31,57.065,35.895,İran,İran (diğer)
5707,2193,491,57.075,21.935,Umman,Umman
5709,2129,183,57.095,21.295,Umman,Umman
5711,3036,40,57.115,30.365000000000002,İran,İran (diğer)
5720,3670,40,57.205,36.705,İran,İran (diğer)
5724,2145,46,57.245000000000005,21.455000000000002,Umman,Umman
5724,2146,67,57.245000000000005,21.465,Umman,Umman
5725,3747,37,57.255,37.475,İran,İran (diğer)
5738,3624,47,57.385,36.245,İran,İran (diğer)
5768,3745,265,57.685,37.455,İran,İran (diğer)
5771,2132,76,57.715,21.325,Umman,Umman
5772,2131,90,57.725,21.315,Umman,Umman
5772,2132,119,57.725,21.325,Umman,Umman
5772,2133,432,57.725,21.335,Umman,Umman
5774,2130,70,57.745000000000005,21.305,Umman,Umman
5774,2131,458,57.745000000000005,21.315,Umman,Umman
5779,2130,469,57.795,21.305,Umman,Umman
5780,2130,102,57.805,21.305,Umman,Umman
5819,2355,29,58.195,23.555,Umman,Umman
5820,2355,43,58.205,23.555,Umman,Umman
5827,2348,111,58.275,23.485,Umman,Umman
5828,2348,157,58.285000000000004,23.485,Umman,Umman
5866,3633,173,58.665,36.335,İran,İran (diğer)
5867,3634,129,58.675000000000004,36.345,İran,İran (diğer)
5914,3375,165,59.145,33.755,İran,İran (diğer)
5916,3362,60,59.165,33.625,İran,İran (diğer)
5917,3362,30,59.175000000000004,33.625,İran,İran (diğer)
5925,3524,46,59.255,35.245,İran,İran (diğer)
5930,3536,160,59.305,35.365,İran,İran (diğer)
5933,3649,54,59.335,36.495,İran,İran (diğer)
5940,2265,182,59.405,22.655,Umman,Umman
5940,2266,33,59.405,22.665,Umman,Umman
5940,3644,111,59.405,36.445,İran,İran (diğer)
5941,2265,69,59.415,22.655,Umman,Umman
5941,2266,34,59.415,22.665,Umman,Umman
5948,3531,32,59.485,35.315,İran,İran (diğer)
5964,3627,44,59.645,36.275,İran,İran (diğer)
5965,3627,32,59.655,36.275,İran,İran (diğer)
5972,3623,33,59.725,36.235,İran,İran (diğer)
5973,3623,91,59.735,36.235,İran,İran (diğer)
5974,3647,194,59.745000000000005,36.475,İran,İran (diğer)
5974,3648,119,59.745000000000005,36.485,İran,İran (diğer)
5975,3263,51,59.755,32.635,İran,İran (diğer)
