tarih,bolge,belirsiz,bulutlu,geçerli,kapsanmadı,firms_frp,neden,donem
2024-11-03,Bahreyn,0.0,0.0,1.0,0.0,17.52,"rastgele, Savaş öncesi",Savaş öncesi
2024-11-03,Irak (güney),0.0572687224669603,0.5770925110132159,0.2951541850220264,0.0704845814977973,58.73,"rastgele, Savaş öncesi",Savaş öncesi
2024-11-03,Irak (kuzey),0.0,0.019047619047619,0.9428571428571428,0.0380952380952381,136.13,"rastgele, Savaş öncesi",Savaş öncesi
2024-11-03,Katar,0.0178571428571428,0.0,0.9821428571428572,0.0,93.54,"rastgele, Savaş öncesi",Savaş öncesi
2024-11-03,Kuveyt,0.0666666666666666,0.0222222222222222,0.8666666666666667,0.0444444444444444,4.21,"rastgele, Savaş öncesi",Savaş öncesi
2024-11-03,Batı İran (çoğu Huzistan),0.0709939148073022,0.178498985801217,0.7261663286004056,0.024340770791075,656.77,"rastgele, Savaş öncesi",Savaş öncesi
2024-11-28,Bahreyn,0.0,0.0,1.0,0.0,9.61,"rastgele, Savaş öncesi",Savaş öncesi
2024-11-28,Irak (güney),0.0484581497797356,0.0,0.8854625550660793,0.066079295154185,1080.7,"rastgele, Savaş öncesi",Savaş öncesi
2024-11-28,Irak (kuzey),0.019047619047619,0.0,0.9809523809523808,0.0,472.05,"rastgele, Savaş öncesi",Savaş öncesi
2024-11-28,Katar,0.0,0.0,1.0,0.0,60.0,"rastgele, Savaş öncesi",Savaş öncesi
2024-11-28,Kuveyt,0.0,0.0,1.0,0.0,13.73,"rastgele, Savaş öncesi",Savaş öncesi
2024-11-28,Batı İran (çoğu Huzistan),0.0040567951318458,0.0,0.969574036511156,0.0263691683569979,1050.15,"rastgele, Savaş öncesi",Savaş öncesi
2025-01-30,Bahreyn,0.0,0.0,1.0,0.0,12.58,"rastgele, Savaş öncesi",Savaş öncesi
2025-01-30,Irak (güney),0.0,0.0,0.9955947136563876,0.0044052863436123,929.55,"rastgele, Savaş öncesi",Savaş öncesi
2025-01-30,Irak (kuzey),0.0,0.0,0.961904761904762,0.0380952380952381,265.03,"rastgele, Savaş öncesi",Savaş öncesi
2025-01-30,Katar,0.0,0.0,1.0,0.0,100.24,"rastgele, Savaş öncesi",Savaş öncesi
2025-01-30,Kuveyt,0.0,0.0,1.0,0.0,20.55,"rastgele, Savaş öncesi",Savaş öncesi
2025-01-30,Batı İran (çoğu Huzistan),0.0020283975659229,0.0202839756592292,0.977687626774848,0.0,740.88,"rastgele, Savaş öncesi",Savaş öncesi
2025-02-06,Bahreyn,0.0,0.9,0.0,0.1,0.0,"rastgele, Savaş öncesi",Savaş öncesi
2025-02-06,Irak (güney),0.0969162995594713,0.0308370044052863,0.8678414096916299,0.0044052863436123,466.95,"rastgele, Savaş öncesi",Savaş öncesi
2025-02-06,Irak (kuzey),0.0761904761904762,0.6,0.3047619047619048,0.019047619047619,47.45,"rastgele, Savaş öncesi",Savaş öncesi
2025-02-06,Katar,0.0178571428571428,0.9285714285714286,0.0535714285714285,0.0,1.54,"rastgele, Savaş öncesi",Savaş öncesi
2025-02-06,Kuveyt,0.2222222222222222,0.0,0.7777777777777778,0.0,0.0,"rastgele, Savaş öncesi",Savaş öncesi
2025-02-06,Batı İran (çoğu Huzistan),0.1257606490872211,0.5862068965517241,0.2616632860040568,0.0263691683569979,107.67,"rastgele, Savaş öncesi",Savaş öncesi
2025-06-07,Bahreyn,0.0,0.0,1.0,0.0,13.3,"rastgele, Savaş öncesi",Savaş öncesi
2025-06-07,Irak (güney),0.0,0.0,0.986784140969163,0.013215859030837,857.59,"rastgele, Savaş öncesi",Savaş öncesi
2025-06-07,Irak (kuzey),0.0666666666666666,0.0,0.8571428571428571,0.0761904761904762,378.41,"rastgele, Savaş öncesi",Savaş öncesi
2025-06-07,Katar,0.0,0.0,1.0,0.0,57.36,"rastgele, Savaş öncesi",Savaş öncesi
2025-06-07,Kuveyt,0.0,0.0,1.0,0.0,14.85,"rastgele, Savaş öncesi",Savaş öncesi
2025-06-07,Batı İran (çoğu Huzistan),0.0,0.0081135902636916,0.9898580121703854,0.0020283975659229,1126.94,"rastgele, Savaş öncesi",Savaş öncesi
2025-07-24,Bahreyn,0.1,0.0,0.9,0.0,10.62,"rastgele, Savaş öncesi",Savaş öncesi
2025-07-24,Irak (güney),0.0,0.0,1.0,0.0,1062.71,"rastgele, Savaş öncesi",Savaş öncesi
2025-07-24,Irak (kuzey),0.0,0.0,0.9809523809523808,0.019047619047619,360.16,"rastgele, Savaş öncesi",Savaş öncesi
2025-07-24,Katar,0.0357142857142857,0.0,0.9642857142857144,0.0,105.69,"rastgele, Savaş öncesi",Savaş öncesi
2025-07-24,Kuveyt,0.0,0.0,1.0,0.0,49.52,"rastgele, Savaş öncesi",Savaş öncesi
2025-07-24,Batı İran (çoğu Huzistan),0.0,0.0020283975659229,0.995943204868154,0.0020283975659229,1148.65,"rastgele, Savaş öncesi",Savaş öncesi
2025-08-09,Bahreyn,0.0,0.0,1.0,0.0,4.37,"rastgele, Savaş öncesi",Savaş öncesi
2025-08-09,Irak (güney),0.0,0.0,1.0,0.0,669.46,"rastgele, Savaş öncesi",Savaş öncesi
2025-08-09,Irak (kuzey),0.0,0.0,0.9809523809523808,0.019047619047619,430.31,"rastgele, Savaş öncesi",Savaş öncesi
2025-08-09,Katar,0.0178571428571428,0.0,0.9821428571428572,0.0,25.57,"rastgele, Savaş öncesi",Savaş öncesi
2025-08-09,Kuveyt,0.0,0.0,1.0,0.0,34.6,"rastgele, Savaş öncesi",Savaş öncesi
2025-08-09,Batı İran (çoğu Huzistan),0.0,0.0283975659229208,0.9716024340770792,0.0,1109.76,"rastgele, Savaş öncesi",Savaş öncesi
2025-08-17,Bahreyn,0.0,0.0,1.0,0.0,3.79,"rastgele, Savaş öncesi",Savaş öncesi
2025-08-17,Irak (güney),0.026431718061674,0.0,0.9647577092511012,0.0088105726872246,1759.71,"rastgele, Savaş öncesi",Savaş öncesi
2025-08-17,Irak (kuzey),0.019047619047619,0.0,0.9523809523809524,0.0285714285714285,580.34,"rastgele, Savaş öncesi",Savaş öncesi
2025-08-17,Katar,0.0,0.0,0.9821428571428572,0.0178571428571428,29.64,"rastgele, Savaş öncesi",Savaş öncesi
2025-08-17,Kuveyt,0.0,0.0,1.0,0.0,9.72,"rastgele, Savaş öncesi",Savaş öncesi
2025-08-17,Batı İran (çoğu Huzistan),0.0324543610547667,0.0,0.9371196754563894,0.0304259634888438,2059.49,"rastgele, Savaş öncesi",Savaş öncesi
2025-09-26,Bahreyn,0.0,0.0,0.9,0.1,15.89,"rastgele, Savaş öncesi",Savaş öncesi
2025-09-26,Irak (güney),0.0,0.0,1.0,0.0,732.72,"rastgele, Savaş öncesi",Savaş öncesi
2025-09-26,Irak (kuzey),0.0,0.0,0.9904761904761904,0.0095238095238095,309.33,"rastgele, Savaş öncesi",Savaş öncesi
2025-09-26,Katar,0.0178571428571428,0.0,0.9821428571428572,0.0,108.89,"rastgele, Savaş öncesi",Savaş öncesi
2025-09-26,Kuveyt,0.0,0.0,1.0,0.0,11.58,"rastgele, Savaş öncesi",Savaş öncesi
2025-09-26,Batı İran (çoğu Huzistan),0.0,0.0040567951318458,0.995943204868154,0.0,1007.3,"rastgele, Savaş öncesi",Savaş öncesi
2025-10-13,Bahreyn,0.0,0.0,1.0,0.0,24.61,"rastgele, Savaş öncesi",Savaş öncesi
2025-10-13,Irak (güney),0.0,0.0,0.9911894273127754,0.0088105726872246,895.9599999999999,"rastgele, Savaş öncesi",Savaş öncesi
2025-10-13,Irak (kuzey),0.019047619047619,0.0,0.9809523809523808,0.0,329.08,"rastgele, Savaş öncesi",Savaş öncesi
2025-10-13,Katar,0.0,0.0,1.0,0.0,70.42999999999999,"rastgele, Savaş öncesi",Savaş öncesi
2025-10-13,Kuveyt,0.0,0.0,1.0,0.0,18.009999999999998,"rastgele, Savaş öncesi",Savaş öncesi
2025-10-13,Batı İran (çoğu Huzistan),0.0,0.0,0.9979716024340772,0.0020283975659229,900.83,"rastgele, Savaş öncesi",Savaş öncesi
2026-01-08,Bahreyn,0.0,0.0,1.0,0.0,6.04,"rastgele, Savaş öncesi",Savaş öncesi
2026-01-08,Irak (güney),0.0176211453744493,0.0,0.9779735682819384,0.0044052863436123,1186.98,"rastgele, Savaş öncesi",Savaş öncesi
2026-01-08,Irak (kuzey),0.0476190476190476,0.0285714285714285,0.8952380952380953,0.0285714285714285,433.48,"rastgele, Savaş öncesi",Savaş öncesi
2026-01-08,Katar,0.0714285714285714,0.0,0.9285714285714286,0.0,78.03,"rastgele, Savaş öncesi",Savaş öncesi
2026-01-08,Kuveyt,0.0,0.0,1.0,0.0,143.27,"rastgele, Savaş öncesi",Savaş öncesi
2026-01-08,Batı İran (çoğu Huzistan),0.0304259634888438,0.0101419878296146,0.922920892494929,0.0365111561866125,1402.33,"rastgele, Savaş öncesi",Savaş öncesi
2026-02-01,Bahreyn,0.1,0.0,0.8,0.1,17.28,"rastgele, Savaş öncesi",Savaş öncesi
2026-02-01,Irak (güney),0.0,0.0,1.0,0.0,508.53,"rastgele, Savaş öncesi",Savaş öncesi
2026-02-01,Irak (kuzey),0.0,0.419047619047619,0.5333333333333333,0.0476190476190476,116.01,"rastgele, Savaş öncesi",Savaş öncesi
2026-02-01,Katar,0.0,0.0,0.9821428571428572,0.0178571428571428,81.56,"rastgele, Savaş öncesi",Savaş öncesi
2026-02-01,Kuveyt,0.0,0.0,1.0,0.0,17.72,"rastgele, Savaş öncesi",Savaş öncesi
2026-02-01,Batı İran (çoğu Huzistan),0.0,0.0162271805273833,0.9837728194726166,0.0,705.94,"rastgele, Savaş öncesi",Savaş öncesi
2026-03-02,Bahreyn,0.0,0.9,0.1,0.0,0.0,"Bahreyn sıfır, ilk kapanma",1. kapanma
2026-03-02,Irak (güney),0.026431718061674,0.0,0.9691629955947136,0.0044052863436123,1175.92,"Bahreyn sıfır, ilk kapanma",1. kapanma
2026-03-02,Irak (kuzey),0.019047619047619,0.0,0.9809523809523808,0.0,416.23,"Bahreyn sıfır, ilk kapanma",1. kapanma
2026-03-02,Katar,0.0,0.8035714285714286,0.1964285714285714,0.0,7.75,"Bahreyn sıfır, ilk kapanma",1. kapanma
2026-03-02,Kuveyt,0.0222222222222222,0.0,0.9111111111111112,0.0666666666666666,37.76,"Bahreyn sıfır, ilk kapanma",1. kapanma
2026-03-02,Batı İran (çoğu Huzistan),0.0141987829614604,0.0040567951318458,0.9553752535496958,0.0263691683569979,1684.59,"Bahreyn sıfır, ilk kapanma",1. kapanma
2026-03-03,Bahreyn,0.7,0.2,0.0,0.1,0.0,"Katar sıfır, ilk kapanma",1. kapanma
2026-03-03,Irak (güney),0.1013215859030837,0.0837004405286343,0.8061674008810573,0.0088105726872246,229.96,"Katar sıfır, ilk kapanma",1. kapanma
2026-03-03,Irak (kuzey),0.0,0.0,0.9047619047619048,0.0952380952380952,347.05,"Katar sıfır, ilk kapanma",1. kapanma
2026-03-03,Katar,0.0892857142857142,0.8928571428571429,0.0,0.0178571428571428,0.0,"Katar sıfır, ilk kapanma",1. kapanma
2026-03-03,Kuveyt,0.0666666666666666,0.0,0.9333333333333332,0.0,28.700000000000003,"Katar sıfır, ilk kapanma",1. kapanma
2026-03-03,Batı İran (çoğu Huzistan),0.0872210953346856,0.0689655172413793,0.8377281947261663,0.0060851926977687,1417.3,"Katar sıfır, ilk kapanma",1. kapanma
2026-03-04,Bahreyn,0.0,0.0,0.9,0.1,6.22,"rastgele, 1. kapanma",1. kapanma
2026-03-04,Irak (güney),0.0044052863436123,0.0,0.9691629955947136,0.026431718061674,469.72,"rastgele, 1. kapanma",1. kapanma
2026-03-04,Irak (kuzey),0.0,0.9333333333333332,0.0666666666666666,0.0,0.0,"rastgele, 1. kapanma",1. kapanma
2026-03-04,Katar,0.1071428571428571,0.2142857142857142,0.6607142857142857,0.0178571428571428,85.24,"rastgele, 1. kapanma",1. kapanma
2026-03-04,Kuveyt,0.0666666666666666,0.0,0.9333333333333332,0.0,44.13,"rastgele, 1. kapanma",1. kapanma
2026-03-04,Batı İran (çoğu Huzistan),0.0081135902636916,0.0304259634888438,0.920892494929006,0.0405679513184584,1345.45,"rastgele, 1. kapanma",1. kapanma
2026-03-10,Bahreyn,0.0,1.0,0.0,0.0,0.0,"Katar sıfır, ilk kapanma",1. kapanma
2026-03-10,Irak (güney),0.0,0.0616740088105726,0.9383259911894272,0.0,95.14,"Katar sıfır, ilk kapanma",1. kapanma
2026-03-10,Irak (kuzey),0.0,0.0,1.0,0.0,274.94,"Katar sıfır, ilk kapanma",1. kapanma
2026-03-10,Katar,0.0357142857142857,0.75,0.125,0.0892857142857142,0.0,"Katar sıfır, ilk kapanma",1. kapanma
2026-03-10,Kuveyt,0.0,0.0222222222222222,0.9777777777777776,0.0,34.410000000000004,"Katar sıfır, ilk kapanma",1. kapanma
2026-03-10,Batı İran (çoğu Huzistan),0.0020283975659229,0.0486815415821501,0.9310344827586208,0.0182555780933062,1168.03,"Katar sıfır, ilk kapanma",1. kapanma
2026-03-11,Bahreyn,0.0,0.3,0.7,0.0,0.66,"rastgele, 1. kapanma",1. kapanma
2026-03-11,Irak (güney),0.0,0.3788546255506608,0.6211453744493393,0.0,68.4,"rastgele, 1. kapanma",1. kapanma
2026-03-11,Irak (kuzey),0.0,0.0952380952380952,0.8857142857142857,0.019047619047619,222.65,"rastgele, 1. kapanma",1. kapanma
2026-03-11,Katar,0.0,0.3928571428571428,0.6071428571428571,0.0,1.83,"rastgele, 1. kapanma",1. kapanma
2026-03-11,Kuveyt,0.0,0.5333333333333333,0.4666666666666667,0.0,0.48,"rastgele, 1. kapanma",1. kapanma
2026-03-11,Batı İran (çoğu Huzistan),0.0,0.8032454361054767,0.1926977687626775,0.0040567951318458,185.09,"rastgele, 1. kapanma",1. kapanma
2026-03-16,Bahreyn,0.0,1.0,0.0,0.0,0.0,"Bahreyn sıfır, ilk kapanma",1. kapanma
2026-03-16,Irak (güney),0.0,0.0,1.0,0.0,129.3,"Bahreyn sıfır, ilk kapanma",1. kapanma
2026-03-16,Irak (kuzey),0.0,0.0285714285714285,0.9142857142857144,0.0571428571428571,231.97,"Bahreyn sıfır, ilk kapanma",1. kapanma
2026-03-16,Katar,0.0,0.4821428571428571,0.5178571428571429,0.0,3.68,"Bahreyn sıfır, ilk kapanma",1. kapanma
2026-03-16,Kuveyt,0.0,0.5555555555555556,0.4444444444444444,0.0,1.12,"Bahreyn sıfır, ilk kapanma",1. kapanma
2026-03-16,Batı İran (çoğu Huzistan),0.0,0.2068965517241379,0.7931034482758621,0.0,621.81,"Bahreyn sıfır, ilk kapanma",1. kapanma
2026-03-17,Bahreyn,0.0,1.0,0.0,0.0,0.0,"Katar sıfır, ilk kapanma",1. kapanma
2026-03-17,Irak (güney),0.013215859030837,0.0,0.9251101321585904,0.0616740088105726,185.85,"Katar sıfır, ilk kapanma",1. kapanma
2026-03-17,Irak (kuzey),0.0095238095238095,0.0,0.9904761904761904,0.0,454.21,"Katar sıfır, ilk kapanma",1. kapanma
2026-03-17,Katar,0.0,0.75,0.25,0.0,0.0,"Katar sıfır, ilk kapanma",1. kapanma
2026-03-17,Kuveyt,0.0,0.0,0.9777777777777776,0.0222222222222222,20.76,"Katar sıfır, ilk kapanma",1. kapanma
2026-03-17,Batı İran (çoğu Huzistan),0.0,0.0040567951318458,0.9716024340770792,0.024340770791075,992.42,"Katar sıfır, ilk kapanma",1. kapanma
2026-03-19,Bahreyn,0.2,0.8,0.0,0.0,0.0,"Katar sıfır, ilk kapanma",1. kapanma
2026-03-19,Irak (güney),0.092511013215859,0.0704845814977973,0.8325991189427313,0.0044052863436123,67.73,"Katar sıfır, ilk kapanma",1. kapanma
2026-03-19,Irak (kuzey),0.0,0.923809523809524,0.0285714285714285,0.0476190476190476,0.0,"Katar sıfır, ilk kapanma",1. kapanma
2026-03-19,Katar,0.1071428571428571,0.8928571428571429,0.0,0.0,0.0,"Katar sıfır, ilk kapanma",1. kapanma
2026-03-19,Kuveyt,0.0888888888888888,0.4,0.5111111111111111,0.0,0.0,"Katar sıfır, ilk kapanma",1. kapanma
2026-03-19,Batı İran (çoğu Huzistan),0.178498985801217,0.7626774847870182,0.0527383367139959,0.0060851926977687,35.22,"Katar sıfır, ilk kapanma",1. kapanma
2026-03-20,Bahreyn,0.1,0.9,0.0,0.0,0.0,"Katar sıfır, ilk kapanma",1. kapanma
2026-03-20,Irak (güney),0.0,0.0,0.9559471365638766,0.0440528634361233,146.27,"Katar sıfır, ilk kapanma",1. kapanma
2026-03-20,Irak (kuzey),0.0,0.3238095238095238,0.6761904761904762,0.0,96.26,"Katar sıfır, ilk kapanma",1. kapanma
2026-03-20,Katar,0.1607142857142857,0.7142857142857143,0.1071428571428571,0.0178571428571428,0.0,"Katar sıfır, ilk kapanma",1. kapanma
2026-03-20,Kuveyt,0.0,0.1777777777777777,0.8222222222222222,0.0,152.82000000000002,"Katar sıfır, ilk kapanma",1. kapanma
2026-03-20,Batı İran (çoğu Huzistan),0.0081135902636916,0.1196754563894523,0.8356997971602435,0.0365111561866125,917.88,"Katar sıfır, ilk kapanma",1. kapanma
2026-03-22,Bahreyn,0.0,1.0,0.0,0.0,0.0,"Katar sıfır, ilk kapanma",1. kapanma
2026-03-22,Irak (güney),0.0,0.211453744493392,0.775330396475771,0.013215859030837,51.73,"Katar sıfır, ilk kapanma",1. kapanma
2026-03-22,Irak (kuzey),0.0666666666666666,0.1904761904761904,0.6476190476190476,0.0952380952380952,298.05,"Katar sıfır, ilk kapanma",1. kapanma
2026-03-22,Katar,0.0,1.0,0.0,0.0,0.0,"Katar sıfır, ilk kapanma",1. kapanma
2026-03-22,Kuveyt,0.0,0.0,1.0,0.0,36.28,"Katar sıfır, ilk kapanma",1. kapanma
2026-03-22,Batı İran (çoğu Huzistan),0.0020283975659229,0.3367139959432049,0.6551724137931034,0.0060851926977687,303.64,"Katar sıfır, ilk kapanma",1. kapanma
2026-03-23,Bahreyn,0.0,1.0,0.0,0.0,2.15,"rastgele, 1. kapanma",1. kapanma
2026-03-23,Irak (güney),0.118942731277533,0.7797356828193832,0.0484581497797356,0.052863436123348,14.76,"rastgele, 1. kapanma",1. kapanma
2026-03-23,Irak (kuzey),0.1333333333333333,0.1714285714285714,0.6857142857142857,0.0095238095238095,242.84,"rastgele, 1. kapanma",1. kapanma
2026-03-23,Katar,0.0,0.5714285714285714,0.4285714285714285,0.0,4.050000000000001,"rastgele, 1. kapanma",1. kapanma
2026-03-23,Kuveyt,0.1333333333333333,0.8222222222222222,0.0,0.0444444444444444,0.0,"rastgele, 1. kapanma",1. kapanma
2026-03-23,Batı İran (çoğu Huzistan),0.0344827586206896,0.8620689655172413,0.0709939148073022,0.0324543610547667,112.82,"rastgele, 1. kapanma",1. kapanma
2026-03-24,Bahreyn,0.0,1.0,0.0,0.0,0.0,"Katar sıfır, ilk kapanma",1. kapanma
2026-03-24,Irak (güney),0.171806167400881,0.5242290748898678,0.2995594713656387,0.0044052863436123,21.27,"Katar sıfır, ilk kapanma",1. kapanma
2026-03-24,Irak (kuzey),0.0,0.9904761904761904,0.0,0.0095238095238095,0.0,"Katar sıfır, ilk kapanma",1. kapanma
2026-03-24,Katar,0.0,0.7857142857142857,0.1785714285714285,0.0357142857142857,0.0,"Katar sıfır, ilk kapanma",1. kapanma
2026-03-24,Kuveyt,0.1111111111111111,0.5555555555555556,0.3333333333333333,0.0,2.27,"Katar sıfır, ilk kapanma",1. kapanma
2026-03-24,Batı İran (çoğu Huzistan),0.2718052738336714,0.6795131845841785,0.0486815415821501,0.0,118.83,"Katar sıfır, ilk kapanma",1. kapanma
2026-03-26,Bahreyn,0.0,0.4,0.6,0.0,0.65,"rastgele, 1. kapanma",1. kapanma
2026-03-26,Irak (güney),0.0,0.052863436123348,0.947136563876652,0.0,94.6,"rastgele, 1. kapanma",1. kapanma
2026-03-26,Irak (kuzey),0.0,0.8761904761904762,0.1238095238095238,0.0,19.16,"rastgele, 1. kapanma",1. kapanma
2026-03-26,Katar,0.0,0.1607142857142857,0.75,0.0892857142857142,21.56,"rastgele, 1. kapanma",1. kapanma
2026-03-26,Kuveyt,0.0,0.0,1.0,0.0,20.5,"rastgele, 1. kapanma",1. kapanma
2026-03-26,Batı İran (çoğu Huzistan),0.0040567951318458,0.1703853955375253,0.8052738336713996,0.0202839756592292,600.33,"rastgele, 1. kapanma",1. kapanma
2026-03-30,Bahreyn,0.1,0.9,0.0,0.0,0.0,"Bahreyn sıfır, ilk kapanma",1. kapanma
2026-03-30,Irak (güney),0.0176211453744493,0.0440528634361233,0.8370044052863436,0.1013215859030837,146.02,"Bahreyn sıfır, ilk kapanma",1. kapanma
2026-03-30,Irak (kuzey),0.0,0.0095238095238095,0.9714285714285714,0.019047619047619,281.94,"Bahreyn sıfır, ilk kapanma",1. kapanma
2026-03-30,Katar,0.125,0.2678571428571428,0.6071428571428571,0.0,17.27,"Bahreyn sıfır, ilk kapanma",1. kapanma
2026-03-30,Kuveyt,0.2,0.4,0.3777777777777777,0.0222222222222222,0.0,"Bahreyn sıfır, ilk kapanma",1. kapanma
2026-03-30,Batı İran (çoğu Huzistan),0.1602434077079107,0.3671399594320487,0.4523326572008113,0.0202839756592292,667.87,"Bahreyn sıfır, ilk kapanma",1. kapanma
2026-04-01,Bahreyn,0.0,0.0,1.0,0.0,4.220000000000001,"rastgele, 1. kapanma",1. kapanma
2026-04-01,Irak (güney),0.0,0.1629955947136563,0.8325991189427313,0.0044052863436123,47.989999999999995,"rastgele, 1. kapanma",1. kapanma
2026-04-01,Irak (kuzey),0.0,0.0380952380952381,0.9047619047619048,0.0571428571428571,268.56,"rastgele, 1. kapanma",1. kapanma
2026-04-01,Katar,0.0,0.0,0.9642857142857144,0.0357142857142857,46.35,"rastgele, 1. kapanma",1. kapanma
2026-04-01,Kuveyt,0.0,0.0,1.0,0.0,32.99,"rastgele, 1. kapanma",1. kapanma
2026-04-01,Batı İran (çoğu Huzistan),0.0,0.0446247464503042,0.9553752535496958,0.0,780.39,"rastgele, 1. kapanma",1. kapanma
2026-04-05,Bahreyn,0.2,0.8,0.0,0.0,0.0,"Katar sıfır, ilk kapanma",1. kapanma
2026-04-05,Irak (güney),0.0,0.0,0.9251101321585904,0.0748898678414096,57.64,"Katar sıfır, ilk kapanma",1. kapanma
2026-04-05,Irak (kuzey),0.0,0.0,1.0,0.0,218.71,"Katar sıfır, ilk kapanma",1. kapanma
2026-04-05,Katar,0.2142857142857142,0.7142857142857143,0.0714285714285714,0.0,0.0,"Katar sıfır, ilk kapanma",1. kapanma
2026-04-05,Kuveyt,0.0222222222222222,0.0,0.9777777777777776,0.0,117.29,"Katar sıfır, ilk kapanma",1. kapanma
2026-04-05,Batı İran (çoğu Huzistan),0.0101419878296146,0.0405679513184584,0.9066937119675456,0.0425963488843813,1099.91,"Katar sıfır, ilk kapanma",1. kapanma
2026-04-10,Bahreyn,0.1,0.4,0.5,0.0,0.0,"Katar sıfır, ilk kapanma",1. kapanma
2026-04-10,Irak (güney),0.0044052863436123,0.0352422907488986,0.9427312775330396,0.0176211453744493,126.11,"Katar sıfır, ilk kapanma",1. kapanma
2026-04-10,Irak (kuzey),0.0,0.0476190476190476,0.9523809523809524,0.0,213.53,"Katar sıfır, ilk kapanma",1. kapanma
2026-04-10,Katar,0.125,0.7857142857142857,0.0714285714285714,0.0178571428571428,0.0,"Katar sıfır, ilk kapanma",1. kapanma
2026-04-10,Kuveyt,0.0222222222222222,0.0,0.9777777777777776,0.0,52.75,"Katar sıfır, ilk kapanma",1. kapanma
2026-04-10,Batı İran (çoğu Huzistan),0.0223123732251521,0.0933062880324543,0.8539553752535497,0.0304259634888438,1558.79,"Katar sıfır, ilk kapanma",1. kapanma
2026-04-11,Bahreyn,0.0,1.0,0.0,0.0,0.0,"Katar sıfır, ilk kapanma",1. kapanma
2026-04-11,Irak (güney),0.0,0.2466960352422907,0.7533039647577092,0.0,50.7,"Katar sıfır, ilk kapanma",1. kapanma
2026-04-11,Irak (kuzey),0.0,0.1333333333333333,0.8666666666666667,0.0,87.1,"Katar sıfır, ilk kapanma",1. kapanma
2026-04-11,Katar,0.1071428571428571,0.8571428571428571,0.0,0.0357142857142857,0.0,"Katar sıfır, ilk kapanma",1. kapanma
2026-04-11,Kuveyt,0.0,0.0,1.0,0.0,41.97,"Katar sıfır, ilk kapanma",1. kapanma
2026-04-11,Batı İran (çoğu Huzistan),0.0020283975659229,0.768762677484787,0.2089249492900608,0.0202839756592292,237.23,"Katar sıfır, ilk kapanma",1. kapanma
2026-04-13,Bahreyn,0.0,1.0,0.0,0.0,0.0,"rastgele, 1. kapanma",1. kapanma
2026-04-13,Irak (güney),0.0088105726872246,0.0,0.9779735682819384,0.013215859030837,131.11,"rastgele, 1. kapanma",1. kapanma
2026-04-13,Irak (kuzey),0.0095238095238095,0.0,0.9714285714285714,0.019047619047619,503.96,"rastgele, 1. kapanma",1. kapanma
2026-04-13,Katar,0.0,0.6607142857142857,0.3392857142857143,0.0,4.26,"rastgele, 1. kapanma",1. kapanma
2026-04-13,Kuveyt,0.0,0.0444444444444444,0.9555555555555556,0.0,53.61,"rastgele, 1. kapanma",1. kapanma
2026-04-13,Batı İran (çoğu Huzistan),0.0081135902636916,0.0182555780933062,0.949290060851927,0.024340770791075,1490.78,"rastgele, 1. kapanma",1. kapanma
2026-04-15,Bahreyn,0.1,0.0,0.9,0.0,2.95,"rastgele, 1. kapanma",1. kapanma
2026-04-15,Irak (güney),0.026431718061674,0.0044052863436123,0.9251101321585904,0.0440528634361233,132.07999999999998,"rastgele, 1. kapanma",1. kapanma
2026-04-15,Irak (kuzey),0.0,0.0476190476190476,0.923809523809524,0.0285714285714285,292.34,"rastgele, 1. kapanma",1. kapanma
2026-04-15,Katar,0.0535714285714285,0.0357142857142857,0.8928571428571429,0.0178571428571428,87.5,"rastgele, 1. kapanma",1. kapanma
2026-04-15,Kuveyt,0.0444444444444444,0.4444444444444444,0.4444444444444444,0.0666666666666666,22.53,"rastgele, 1. kapanma",1. kapanma
2026-04-15,Batı İran (çoğu Huzistan),0.0973630831643002,0.1926977687626775,0.6876267748478702,0.0223123732251521,1331.23,"rastgele, 1. kapanma",1. kapanma
2026-04-19,Bahreyn,0.1,0.1,0.8,0.0,0.0,"rastgele, 1. kapanma",1. kapanma
2026-04-19,Irak (güney),0.171806167400881,0.5903083700440529,0.2334801762114537,0.0044052863436123,43.150000000000006,"rastgele, 1. kapanma",1. kapanma
2026-04-19,Irak (kuzey),0.0095238095238095,0.0095238095238095,0.9809523809523808,0.0,590.05,"rastgele, 1. kapanma",1. kapanma
2026-04-19,Katar,0.0,0.125,0.8571428571428571,0.0178571428571428,58.75,"rastgele, 1. kapanma",1. kapanma
2026-04-19,Kuveyt,0.1777777777777777,0.7111111111111111,0.0888888888888888,0.0222222222222222,0.0,"rastgele, 1. kapanma",1. kapanma
2026-04-19,Batı İran (çoğu Huzistan),0.0709939148073022,0.6166328600405679,0.2839756592292089,0.0283975659229208,457.71,"rastgele, 1. kapanma",1. kapanma
2026-04-21,Bahreyn,0.0,0.2,0.8,0.0,0.0,"Bahreyn sıfır, ilk kapanma",1. kapanma
2026-04-21,Irak (güney),0.0,0.0,0.9295154185022028,0.0704845814977973,72.92,"Bahreyn sıfır, ilk kapanma",1. kapanma
2026-04-21,Irak (kuzey),0.0,0.0,1.0,0.0,297.84,"Bahreyn sıfır, ilk kapanma",1. kapanma
2026-04-21,Katar,0.3392857142857143,0.2857142857142857,0.3571428571428571,0.0178571428571428,4.59,"Bahreyn sıfır, ilk kapanma",1. kapanma
2026-04-21,Kuveyt,0.0222222222222222,0.0,0.9777777777777776,0.0,9.21,"Bahreyn sıfır, ilk kapanma",1. kapanma
2026-04-21,Batı İran (çoğu Huzistan),0.0223123732251521,0.2129817444219067,0.7322515212981744,0.0324543610547667,710.0699999999999,"Bahreyn sıfır, ilk kapanma",1. kapanma
2026-04-22,Bahreyn,0.0,1.0,0.0,0.0,0.0,"Katar sıfır, ilk kapanma",1. kapanma
2026-04-22,Irak (güney),0.0,0.0,1.0,0.0,122.12,"Katar sıfır, ilk kapanma",1. kapanma
2026-04-22,Irak (kuzey),0.0,0.0,0.9714285714285714,0.0285714285714285,362.92,"Katar sıfır, ilk kapanma",1. kapanma
2026-04-22,Katar,0.0,1.0,0.0,0.0,0.0,"Katar sıfır, ilk kapanma",1. kapanma
2026-04-22,Kuveyt,0.0,0.0,1.0,0.0,49.52,"Katar sıfır, ilk kapanma",1. kapanma
2026-04-22,Batı İran (çoğu Huzistan),0.0,0.0,1.0,0.0,1483.37,"Katar sıfır, ilk kapanma",1. kapanma
2026-04-23,Bahreyn,0.0,0.6,0.4,0.0,2.98,"Katar sıfır, ilk kapanma",1. kapanma
2026-04-23,Irak (güney),0.0,0.0044052863436123,0.986784140969163,0.0088105726872246,107.33,"Katar sıfır, ilk kapanma",1. kapanma
2026-04-23,Irak (kuzey),0.0476190476190476,0.0,0.8476190476190476,0.1047619047619047,627.8299999999999,"Katar sıfır, ilk kapanma",1. kapanma
2026-04-23,Katar,0.0,0.7678571428571429,0.2321428571428571,0.0,0.0,"Katar sıfır, ilk kapanma",1. kapanma
2026-04-23,Kuveyt,0.0,0.0,1.0,0.0,69.77,"Katar sıfır, ilk kapanma",1. kapanma
2026-04-23,Batı İran (çoğu Huzistan),0.0,0.0182555780933062,0.977687626774848,0.0040567951318458,1206.37,"Katar sıfır, ilk kapanma",1. kapanma
2026-04-24,Bahreyn,0.0,1.0,0.0,0.0,0.0,"Bahreyn sıfır, ilk kapanma",1. kapanma
2026-04-24,Irak (güney),0.0969162995594713,0.6343612334801763,0.2026431718061674,0.066079295154185,12.99,"Bahreyn sıfır, ilk kapanma",1. kapanma
2026-04-24,Irak (kuzey),0.0952380952380952,0.1047619047619047,0.8,0.0,501.36,"Bahreyn sıfır, ilk kapanma",1. kapanma
2026-04-24,Katar,0.0,0.75,0.25,0.0,3.84,"Bahreyn sıfır, ilk kapanma",1. kapanma
2026-04-24,Kuveyt,0.0444444444444444,0.8888888888888888,0.0,0.0666666666666666,0.0,"Bahreyn sıfır, ilk kapanma",1. kapanma
2026-04-24,Batı İran (çoğu Huzistan),0.0304259634888438,0.7667342799188641,0.1764705882352941,0.0263691683569979,193.31,"Bahreyn sıfır, ilk kapanma",1. kapanma
2026-04-28,Bahreyn,0.0,0.8,0.2,0.0,0.0,"Katar sıfır, ilk kapanma",1. kapanma
2026-04-28,Irak (güney),0.0,0.0,1.0,0.0,118.32,"Katar sıfır, ilk kapanma",1. kapanma
2026-04-28,Irak (kuzey),0.0095238095238095,0.0095238095238095,0.9714285714285714,0.0095238095238095,108.72,"Katar sıfır, ilk kapanma",1. kapanma
2026-04-28,Katar,0.0,0.7678571428571429,0.2321428571428571,0.0,0.0,"Katar sıfır, ilk kapanma",1. kapanma
2026-04-28,Kuveyt,0.0,0.0,1.0,0.0,30.9,"Katar sıfır, ilk kapanma",1. kapanma
2026-04-28,Batı İran (çoğu Huzistan),0.0,0.0770791075050709,0.9188640973630832,0.0040567951318458,1180.78,"Katar sıfır, ilk kapanma",1. kapanma
2026-05-06,Bahreyn,0.0,0.0,0.9,0.1,0.0,"Bahreyn sıfır, ilk kapanma",1. kapanma
2026-05-06,Irak (güney),0.0308370044052863,0.0,0.9691629955947136,0.0,257.15999999999997,"Bahreyn sıfır, ilk kapanma",1. kapanma
2026-05-06,Irak (kuzey),0.0,0.0,0.923809523809524,0.0761904761904762,416.73,"Bahreyn sıfır, ilk kapanma",1. kapanma
2026-05-06,Katar,0.0714285714285714,0.0,0.875,0.0535714285714285,108.92,"Bahreyn sıfır, ilk kapanma",1. kapanma
2026-05-06,Kuveyt,0.1333333333333333,0.0222222222222222,0.8444444444444444,0.0,20.09,"Bahreyn sıfır, ilk kapanma",1. kapanma
2026-05-06,Batı İran (çoğu Huzistan),0.0628803245436105,0.0425963488843813,0.8884381338742393,0.0060851926977687,1585.66,"Bahreyn sıfır, ilk kapanma",1. kapanma
2026-05-08,Bahreyn,0.0,0.0,0.9,0.1,0.0,"rastgele, 1. kapanma",1. kapanma
2026-05-08,Irak (güney),0.0,0.4845814977973568,0.5154185022026432,0.0,63.5,"rastgele, 1. kapanma",1. kapanma
2026-05-08,Irak (kuzey),0.0,0.0,0.961904761904762,0.0380952380952381,366.08,"rastgele, 1. kapanma",1. kapanma
2026-05-08,Katar,0.0535714285714285,0.0,0.9464285714285714,0.0,106.94,"rastgele, 1. kapanma",1. kapanma
2026-05-08,Kuveyt,0.0,0.4444444444444444,0.5555555555555556,0.0,3.74,"rastgele, 1. kapanma",1. kapanma
2026-05-08,Batı İran (çoğu Huzistan),0.0,0.3509127789046653,0.6490872210953347,0.0,653.08,"rastgele, 1. kapanma",1. kapanma
2026-05-14,Bahreyn,0.0,0.0,1.0,0.0,0.0,"Bahreyn sıfır, ilk kapanma",1. kapanma
2026-05-14,Irak (güney),0.0044052863436123,0.0,0.9955947136563876,0.0,177.71,"Bahreyn sıfır, ilk kapanma",1. kapanma
2026-05-14,Irak (kuzey),0.0095238095238095,0.0,0.9809523809523808,0.0095238095238095,340.29,"Bahreyn sıfır, ilk kapanma",1. kapanma
2026-05-14,Katar,0.0,0.0,1.0,0.0,62.31,"Bahreyn sıfır, ilk kapanma",1. kapanma
2026-05-14,Kuveyt,0.0,0.0,1.0,0.0,45.83,"Bahreyn sıfır, ilk kapanma",1. kapanma
2026-05-14,Batı İran (çoğu Huzistan),0.0,0.0,0.9979716024340772,0.0020283975659229,807.72,"Bahreyn sıfır, ilk kapanma",1. kapanma
2026-05-18,Bahreyn,0.0,0.0,0.8,0.2,0.0,"Bahreyn sıfır, ilk kapanma",1. kapanma
2026-05-18,Irak (güney),0.0,0.7400881057268722,0.2599118942731278,0.0,7.89,"Bahreyn sıfır, ilk kapanma",1. kapanma
2026-05-18,Irak (kuzey),0.0,0.0,1.0,0.0,215.15,"Bahreyn sıfır, ilk kapanma",1. kapanma
2026-05-18,Katar,0.1071428571428571,0.0,0.8928571428571429,0.0,33.95,"Bahreyn sıfır, ilk kapanma",1. kapanma
2026-05-18,Kuveyt,0.0,0.0222222222222222,0.8888888888888888,0.0888888888888888,25.12,"Bahreyn sıfır, ilk kapanma",1. kapanma
2026-05-18,Batı İran (çoğu Huzistan),0.0101419878296146,0.1866125760649087,0.7849898580121704,0.0182555780933062,233.83,"Bahreyn sıfır, ilk kapanma",1. kapanma
2026-05-20,Bahreyn,0.0,0.0,1.0,0.0,0.0,"Bahreyn sıfır, ilk kapanma",1. kapanma
2026-05-20,Irak (güney),0.013215859030837,0.013215859030837,0.920704845814978,0.052863436123348,179.23,"Bahreyn sıfır, ilk kapanma",1. kapanma
2026-05-20,Irak (kuzey),0.0761904761904762,0.0380952380952381,0.8857142857142857,0.0,426.09,"Bahreyn sıfır, ilk kapanma",1. kapanma
2026-05-20,Katar,0.0,0.0,1.0,0.0,50.260000000000005,"Bahreyn sıfır, ilk kapanma",1. kapanma
2026-05-20,Kuveyt,0.0,0.0,0.9777777777777776,0.0222222222222222,31.07,"Bahreyn sıfır, ilk kapanma",1. kapanma
2026-05-20,Batı İran (çoğu Huzistan),0.0,0.0081135902636916,0.973630831643002,0.0182555780933062,873.78,"Bahreyn sıfır, ilk kapanma",1. kapanma
2026-05-24,Bahreyn,0.0,0.0,0.9,0.1,0.0,"rastgele, 1. kapanma",1. kapanma
2026-05-24,Irak (güney),0.0,0.6035242290748899,0.3964757709251101,0.0,63.0,"rastgele, 1. kapanma",1. kapanma
2026-05-24,Irak (kuzey),0.0,0.0,0.961904761904762,0.0380952380952381,341.55,"rastgele, 1. kapanma",1. kapanma
2026-05-24,Katar,0.0,0.0,1.0,0.0,63.08,"rastgele, 1. kapanma",1. kapanma
2026-05-24,Kuveyt,0.0,0.1333333333333333,0.8666666666666667,0.0,23.08,"rastgele, 1. kapanma",1. kapanma
2026-05-24,Batı İran (çoğu Huzistan),0.0,0.0669371196754563,0.9330628803245437,0.0,386.01,"rastgele, 1. kapanma",1. kapanma
2026-06-08,Bahreyn,0.0,0.0,1.0,0.0,4.56,"rastgele, 1. kapanma",1. kapanma
2026-06-08,Irak (güney),0.0,0.0,0.9251101321585904,0.0748898678414096,123.27,"rastgele, 1. kapanma",1. kapanma
2026-06-08,Irak (kuzey),0.0,0.0,1.0,0.0,314.33,"rastgele, 1. kapanma",1. kapanma
2026-06-08,Katar,0.0178571428571428,0.0,0.9642857142857144,0.0178571428571428,130.36,"rastgele, 1. kapanma",1. kapanma
2026-06-08,Kuveyt,0.0,0.0,1.0,0.0,52.5,"rastgele, 1. kapanma",1. kapanma
2026-06-08,Batı İran (çoğu Huzistan),0.0121703853955375,0.0020283975659229,0.95131845841785,0.0344827586206896,1073.62,"rastgele, 1. kapanma",1. kapanma
2026-06-09,Bahreyn,0.0,0.0,0.9,0.1,4.37,"rastgele, 1. kapanma",1. kapanma
2026-06-09,Irak (güney),0.0,0.0,1.0,0.0,135.12,"rastgele, 1. kapanma",1. kapanma
2026-06-09,Irak (kuzey),0.0,0.0,0.9809523809523808,0.019047619047619,372.91,"rastgele, 1. kapanma",1. kapanma
2026-06-09,Katar,0.0535714285714285,0.0,0.9464285714285714,0.0,101.63,"rastgele, 1. kapanma",1. kapanma
2026-06-09,Kuveyt,0.0,0.0,1.0,0.0,40.41,"rastgele, 1. kapanma",1. kapanma
2026-06-09,Batı İran (çoğu Huzistan),0.0,0.0,1.0,0.0,921.01,"rastgele, 1. kapanma",1. kapanma
2026-06-12,Bahreyn,0.0,0.0,1.0,0.0,0.0,"Bahreyn sıfır, ilk kapanma",1. kapanma
2026-06-12,Irak (güney),0.0440528634361233,0.0,0.933920704845815,0.0220264317180616,332.77,"Bahreyn sıfır, ilk kapanma",1. kapanma
2026-06-12,Irak (kuzey),0.0380952380952381,0.0,0.961904761904762,0.0,363.47,"Bahreyn sıfır, ilk kapanma",1. kapanma
2026-06-12,Katar,0.0178571428571428,0.0,0.9821428571428572,0.0,136.81,"Bahreyn sıfır, ilk kapanma",1. kapanma
2026-06-12,Kuveyt,0.0,0.0,0.9777777777777776,0.0222222222222222,66.13,"Bahreyn sıfır, ilk kapanma",1. kapanma
2026-06-12,Batı İran (çoğu Huzistan),0.0101419878296146,0.0,0.9837728194726166,0.0060851926977687,1821.64,"Bahreyn sıfır, ilk kapanma",1. kapanma
2026-07-26,Bahreyn,0.0,0.0,1.0,0.0,0.0,"rastgele, 2. kapanma",2. kapanma
2026-07-26,Irak (güney),0.0,0.0,0.947136563876652,0.052863436123348,396.39,"rastgele, 2. kapanma",2. kapanma
2026-07-26,Irak (kuzey),0.0,0.0,1.0,0.0,406.5,"rastgele, 2. kapanma",2. kapanma
2026-07-26,Katar,0.0178571428571428,0.0,0.9642857142857144,0.0178571428571428,119.79,"rastgele, 2. kapanma",2. kapanma
2026-07-26,Kuveyt,0.0444444444444444,0.0,0.9555555555555556,0.0,41.79,"rastgele, 2. kapanma",2. kapanma
2026-07-26,Batı İran (çoğu Huzistan),0.0182555780933062,0.0202839756592292,0.924949290060852,0.0365111561866125,1094.98,"rastgele, 2. kapanma",2. kapanma
2026-08-04,Bahreyn,0.0,0.0,1.0,0.0,0.0,"rastgele, 2. kapanma",2. kapanma
2026-08-04,Irak (güney),0.026431718061674,0.0308370044052863,0.9427312775330396,0.0,699.64,"rastgele, 2. kapanma",2. kapanma
2026-08-04,Irak (kuzey),0.0095238095238095,0.0,0.9714285714285714,0.019047619047619,840.98,"rastgele, 2. kapanma",2. kapanma
2026-08-04,Katar,0.0,0.0,1.0,0.0,63.13,"rastgele, 2. kapanma",2. kapanma
2026-08-04,Kuveyt,0.1111111111111111,0.1555555555555555,0.7333333333333333,0.0,25.47,"rastgele, 2. kapanma",2. kapanma
2026-08-04,Batı İran (çoğu Huzistan),0.1034482758620689,0.2657200811359026,0.5983772819472617,0.0324543610547667,825.05,"rastgele, 2. kapanma",2. kapanma
2026-08-11,Bahreyn,0.0,0.0,1.0,0.0,0.0,"rastgele, 2. kapanma",2. kapanma
2026-08-11,Irak (güney),0.0044052863436123,0.0,0.9691629955947136,0.026431718061674,1015.38,"rastgele, 2. kapanma",2. kapanma
2026-08-11,Irak (kuzey),0.0,0.0,1.0,0.0,381.14,"rastgele, 2. kapanma",2. kapanma
2026-08-11,Katar,0.1071428571428571,0.0178571428571428,0.8571428571428571,0.0178571428571428,209.5,"rastgele, 2. kapanma",2. kapanma
2026-08-11,Kuveyt,0.0,0.0,1.0,0.0,19.15,"rastgele, 2. kapanma",2. kapanma
2026-08-11,Batı İran (çoğu Huzistan),0.0101419878296146,0.0060851926977687,0.9411764705882352,0.0425963488843813,1003.71,"rastgele, 2. kapanma",2. kapanma
2026-08-12,Bahreyn,0.0,0.0,0.9,0.1,1.95,"rastgele, 2. kapanma",2. kapanma
2026-08-12,Irak (güney),0.0,0.0,1.0,0.0,715.39,"rastgele, 2. kapanma",2. kapanma
2026-08-12,Irak (kuzey),0.0,0.0476190476190476,0.923809523809524,0.0285714285714285,371.4,"rastgele, 2. kapanma",2. kapanma
2026-08-12,Katar,0.0357142857142857,0.0178571428571428,0.9464285714285714,0.0,21.65,"rastgele, 2. kapanma",2. kapanma
2026-08-12,Kuveyt,0.0,0.0,1.0,0.0,41.760000000000005,"rastgele, 2. kapanma",2. kapanma
2026-08-12,Batı İran (çoğu Huzistan),0.0,0.0121703853955375,0.9878296146044624,0.0,755.18,"rastgele, 2. kapanma",2. kapanma
2026-08-14,Bahreyn,0.0,0.0,1.0,0.0,1.43,"rastgele, 2. kapanma",2. kapanma
2026-08-14,Irak (güney),0.026431718061674,0.0,0.9251101321585904,0.0484581497797356,1304.7,"rastgele, 2. kapanma",2. kapanma
2026-08-14,Irak (kuzey),0.0095238095238095,0.0,0.9904761904761904,0.0,619.02,"rastgele, 2. kapanma",2. kapanma
2026-08-14,Katar,0.0,0.0,1.0,0.0,53.36,"rastgele, 2. kapanma",2. kapanma
2026-08-14,Kuveyt,0.0222222222222222,0.0,0.9777777777777776,0.0,17.31,"rastgele, 2. kapanma",2. kapanma
2026-08-14,Batı İran (çoğu Huzistan),0.0141987829614604,0.0020283975659229,0.95131845841785,0.0324543610547667,1103.33,"rastgele, 2. kapanma",2. kapanma
2026-08-19,Bahreyn,0.0,0.0,1.0,0.0,0.0,"rastgele, 2. kapanma",2. kapanma
2026-08-19,Irak (güney),0.0220264317180616,0.0,0.973568281938326,0.0044052863436123,893.13,"rastgele, 2. kapanma",2. kapanma
2026-08-19,Irak (kuzey),0.019047619047619,0.0,0.9809523809523808,0.0,564.81,"rastgele, 2. kapanma",2. kapanma
2026-08-19,Katar,0.0,0.0,1.0,0.0,45.19,"rastgele, 2. kapanma",2. kapanma
2026-08-19,Kuveyt,0.0,0.0,1.0,0.0,11.25,"rastgele, 2. kapanma",2. kapanma
2026-08-19,Batı İran (çoğu Huzistan),0.0020283975659229,0.0,0.9634888438133874,0.0344827586206896,1016.1,"rastgele, 2. kapanma",2. kapanma
2026-08-20,Bahreyn,0.0,0.0,1.0,0.0,1.08,"rastgele, 2. kapanma",2. kapanma
2026-08-20,Irak (güney),0.026431718061674,0.0,0.973568281938326,0.0,1009.54,"rastgele, 2. kapanma",2. kapanma
2026-08-20,Irak (kuzey),0.0476190476190476,0.0,0.9333333333333332,0.019047619047619,692.42,"rastgele, 2. kapanma",2. kapanma
2026-08-20,Katar,0.0178571428571428,0.0,0.9821428571428572,0.0,81.03,"rastgele, 2. kapanma",2. kapanma
2026-08-20,Kuveyt,0.0444444444444444,0.0,0.9555555555555556,0.0,15.43,"rastgele, 2. kapanma",2. kapanma
2026-08-20,Batı İran (çoğu Huzistan),0.0425963488843813,0.0,0.9290060851926978,0.0283975659229208,1206.68,"rastgele, 2. kapanma",2. kapanma
2026-08-23,Bahreyn,0.0,0.0,1.0,0.0,0.0,"rastgele, 2. kapanma",2. kapanma
2026-08-23,Irak (güney),0.0,0.0,0.9955947136563876,0.0044052863436123,688.14,"rastgele, 2. kapanma",2. kapanma
2026-08-23,Irak (kuzey),0.0,0.0,0.9142857142857144,0.0857142857142857,533.5699999999999,"rastgele, 2. kapanma",2. kapanma
2026-08-23,Katar,0.0,0.0,0.9464285714285714,0.0535714285714285,57.46,"rastgele, 2. kapanma",2. kapanma
2026-08-23,Kuveyt,0.0,0.0666666666666666,0.9333333333333332,0.0,6.97,"rastgele, 2. kapanma",2. kapanma
2026-08-23,Batı İran (çoğu Huzistan),0.0,0.0223123732251521,0.977687626774848,0.0,708.26,"rastgele, 2. kapanma",2. kapanma
2026-08-30,Bahreyn,0.0,0.0,1.0,0.0,0.0,"rastgele, 2. kapanma",2. kapanma
2026-08-30,Irak (güney),0.052863436123348,0.0308370044052863,0.8546255506607929,0.0616740088105726,960.62,"rastgele, 2. kapanma",2. kapanma
2026-08-30,Irak (kuzey),0.0,0.0,1.0,0.0,566.89,"rastgele, 2. kapanma",2. kapanma
2026-08-30,Katar,0.0,0.0,1.0,0.0,59.54,"rastgele, 2. kapanma",2. kapanma
2026-08-30,Kuveyt,0.0,0.0,1.0,0.0,96.99,"rastgele, 2. kapanma",2. kapanma
2026-08-30,Batı İran (çoğu Huzistan),0.0162271805273833,0.0223123732251521,0.9432048681541582,0.0182555780933062,837.51,"rastgele, 2. kapanma",2. kapanma
2026-09-05,Bahreyn,0.0,0.0,1.0,0.0,3.86,"rastgele, 2. kapanma",2. kapanma
2026-09-05,Irak (güney),0.026431718061674,0.0,0.973568281938326,0.0,1288.78,"rastgele, 2. kapanma",2. kapanma
2026-09-05,Irak (kuzey),0.0285714285714285,0.0,0.961904761904762,0.0095238095238095,710.65,"rastgele, 2. kapanma",2. kapanma
2026-09-05,Katar,0.0178571428571428,0.0,0.9821428571428572,0.0,129.69,"rastgele, 2. kapanma",2. kapanma
2026-09-05,Kuveyt,0.0222222222222222,0.0,0.9777777777777776,0.0,119.42,"rastgele, 2. kapanma",2. kapanma
2026-09-05,Batı İran (çoğu Huzistan),0.0263691683569979,0.0,0.9371196754563894,0.0365111561866125,1358.63,"rastgele, 2. kapanma",2. kapanma
2026-09-14,Bahreyn,0.0,0.0,1.0,0.0,7.0600000000000005,"rastgele, 2. kapanma",2. kapanma
2026-09-14,Irak (güney),0.0,0.0,0.9911894273127754,0.0088105726872246,646.59,"rastgele, 2. kapanma",2. kapanma
2026-09-14,Irak (kuzey),0.019047619047619,0.0,0.923809523809524,0.0571428571428571,552.03,"rastgele, 2. kapanma",2. kapanma
2026-09-14,Katar,0.0,0.0,1.0,0.0,77.79,"rastgele, 2. kapanma",2. kapanma
2026-09-14,Kuveyt,0.0,0.0,1.0,0.0,55.88,"rastgele, 2. kapanma",2. kapanma
2026-09-14,Batı İran (çoğu Huzistan),0.0,0.0,0.9898580121703854,0.0101419878296146,1023.83,"rastgele, 2. kapanma",2. kapanma
2026-09-21,Bahreyn,0.0,0.0,1.0,0.0,0.0,"rastgele, 2. kapanma",2. kapanma
2026-09-21,Irak (güney),0.026431718061674,0.0,0.9691629955947136,0.0044052863436123,1010.55,"rastgele, 2. kapanma",2. kapanma
2026-09-21,Irak (kuzey),0.0285714285714285,0.0,0.9142857142857144,0.0571428571428571,506.55,"rastgele, 2. kapanma",2. kapanma
2026-09-21,Katar,0.0357142857142857,0.0,0.9642857142857144,0.0,25.33,"rastgele, 2. kapanma",2. kapanma
2026-09-21,Kuveyt,0.0444444444444444,0.0,0.9555555555555556,0.0,212.69,"rastgele, 2. kapanma",2. kapanma
2026-09-21,Batı İran (çoğu Huzistan),0.0223123732251521,0.0,0.9391480730223124,0.0385395537525354,1079.89,"rastgele, 2. kapanma",2. kapanma
