tarih,neden
2024-11-03,"rastgele, Savaş öncesi"
2024-11-28,"rastgele, Savaş öncesi"
2025-01-30,"rastgele, Savaş öncesi"
2025-02-06,"rastgele, Savaş öncesi"
2025-06-07,"rastgele, Savaş öncesi"
2025-07-24,"rastgele, Savaş öncesi"
2025-08-09,"rastgele, Savaş öncesi"
2025-08-17,"rastgele, Savaş öncesi"
2025-09-26,"rastgele, Savaş öncesi"
2025-10-13,"rastgele, Savaş öncesi"
2026-01-08,"rastgele, Savaş öncesi"
2026-02-01,"rastgele, Savaş öncesi"
2026-03-02,"Bahreyn sıfır, ilk kapanma"
2026-03-03,"Katar sıfır, ilk kapanma"
2026-03-04,"rastgele, 1. kapanma"
2026-03-10,"Katar sıfır, ilk kapanma"
2026-03-11,"rastgele, 1. kapanma"
2026-03-16,"Bahreyn sıfır, ilk kapanma"
2026-03-17,"Katar sıfır, ilk kapanma"
2026-03-19,"Katar sıfır, ilk kapanma"
2026-03-20,"Katar sıfır, ilk kapanma"
2026-03-22,"Katar sıfır, ilk kapanma"
2026-03-23,"rastgele, 1. kapanma"
2026-03-24,"Katar sıfır, ilk kapanma"
2026-03-26,"rastgele, 1. kapanma"
2026-03-30,"Bahreyn sıfır, ilk kapanma"
2026-04-01,"rastgele, 1. kapanma"
2026-04-05,"Katar sıfır, ilk kapanma"
2026-04-10,"Katar sıfır, ilk kapanma"
2026-04-11,"Katar sıfır, ilk kapanma"
2026-04-13,"rastgele, 1. kapanma"
2026-04-15,"rastgele, 1. kapanma"
2026-04-19,"rastgele, 1. kapanma"
2026-04-21,"Bahreyn sıfır, ilk kapanma"
2026-04-22,"Katar sıfır, ilk kapanma"
2026-04-23,"Katar sıfır, ilk kapanma"
2026-04-24,"Bahreyn sıfır, ilk kapanma"
2026-04-28,"Katar sıfır, ilk kapanma"
2026-05-06,"Bahreyn sıfır, ilk kapanma"
2026-05-08,"rastgele, 1. kapanma"
2026-05-14,"Bahreyn sıfır, ilk kapanma"
2026-05-18,"Bahreyn sıfır, ilk kapanma"
2026-05-20,"Bahreyn sıfır, ilk kapanma"
2026-05-24,"rastgele, 1. kapanma"
2026-06-08,"rastgele, 1. kapanma"
2026-06-09,"rastgele, 1. kapanma"
2026-06-12,"Bahreyn sıfır, ilk kapanma"
2026-07-26,"rastgele, 2. kapanma"
2026-08-04,"rastgele, 2. kapanma"
2026-08-11,"rastgele, 2. kapanma"
2026-08-12,"rastgele, 2. kapanma"
2026-08-14,"rastgele, 2. kapanma"
2026-08-19,"rastgele, 2. kapanma"
2026-08-20,"rastgele, 2. kapanma"
2026-08-23,"rastgele, 2. kapanma"
2026-08-30,"rastgele, 2. kapanma"
2026-09-05,"rastgele, 2. kapanma"
2026-09-14,"rastgele, 2. kapanma"
2026-09-21,"rastgele, 2. kapanma"
