ay,cikis,kalem,miktar_varil,gun,varil_gun,pdf_basligi,kaynak
2025-06,Basra,Basrah Heavy,34291864,30,1143062,Exports Of Basrah Heavy Crude Oil During June 2025,SOMO aylık rapor PDF r103_1787051735548-66e880938d110c20.pdf (s. 1)
2025-06,Basra,Basrah Medium,63427540,30,2114251,Exports Of Basrah Medium Crude Oil During June 2025,SOMO aylık rapor PDF r103_1787051735548-66e880938d110c20.pdf (s. 1)
2025-06,Khor al-Zubair,Qaiyarah,946741,30,31558,"SOMO Qayara Crude Oil Floater Tank  ""M/T Vs87""  At Anchorage Area Nearby",SOMO aylık rapor PDF r103_1787051735548-66e880938d110c20.pdf (s. 2)
2025-07,Basra,Basrah Heavy,38027185,31,1226683,Basrah Heavy Crude Oil Exports – July 2025,SOMO aylık rapor PDF r104_1787051699616-0d1d018bf6aa330e.pdf (s. 2)
2025-07,Basra,Basrah Medium,66227958,31,2136386,Basrah Medium Crude Oil Exports – July 2025,SOMO aylık rapor PDF r104_1787051699616-0d1d018bf6aa330e.pdf (s. 1)
2025-07,Khor al-Zubair,Qaiyarah,495645,31,15989,"Qayara Crude Oil Floater Tank  ""M/T VS87""  At Anchorage Area Nearby Khor Al-Zubair",SOMO aylık rapor PDF r104_1787051699616-0d1d018bf6aa330e.pdf (s. 2)
2025-08,Basra,Basrah Heavy,37726856,31,1216995,Basrah Heavy Crude Oil Exports –ِ August 2025,SOMO aylık rapor PDF r105_1787051660031-4a57a8daa7d391a5.pdf (s. 2)
2025-08,Basra,Basrah Medium,66168850,31,2134479,Basrah Medium Crude Oil Exports –ِ August 2025,SOMO aylık rapor PDF r105_1787051660031-4a57a8daa7d391a5.pdf (s. 1)
2025-08,Khor al-Zubair,Qaiyarah,911178,31,29393,"Qayara Crude Oil Floater Tank  ""M/T VS87""  At Anchorage Area Nearby Khor Al-",SOMO aylık rapor PDF r105_1787051660031-4a57a8daa7d391a5.pdf (s. 2)
2025-09,Basra,Basrah Heavy,37210918,30,1240364,Basrah Heavy Crude Oil Exports – September 2025,SOMO aylık rapor PDF r106_1787051617575-c8105f9a2caa55d0.pdf (s. 1)
2025-09,Basra,Basrah Medium,64939444,30,2164648,Basrah Medium Crude Oil Exports – September 2025,SOMO aylık rapor PDF r106_1787051617575-c8105f9a2caa55d0.pdf (s. 1)
2025-10,Basra,Basrah Heavy,38737914,31,1249610,Basrah Heavy Crude Oil Exports – October 2025,SOMO aylık rapor PDF r107_1787051564855-c481faf5294a1452.pdf (s. 1)
2025-10,Basra,Basrah Medium,66078192,31,2131555,Basrah Medium Crude Oil Exports – October 2025,SOMO aylık rapor PDF r107_1787051564855-c481faf5294a1452.pdf (s. 1)
2025-10,Ceyhan,Kirkuk,5834864,31,188221,"Kirkuk Crude Oil Exports via Ceyhan, Turkey – October 2025",SOMO aylık rapor PDF r107_1787051564855-c481faf5294a1452.pdf (s. 1)
2025-11,Basra,Basrah Heavy,37240501,30,1241350,Basrah Heavy Crude Oil Exports – November 2025,SOMO aylık rapor PDF r108_1787051526185-9ab7875f57c7765a.pdf (s. 2)
2025-11,Basra,Basrah Medium,61469294,30,2048976,Basrah Medium Crude Oil Exports – November 2025,SOMO aylık rapor PDF r108_1787051526185-9ab7875f57c7765a.pdf (s. 1)
2025-11,Ceyhan,Kirkuk,7583733,30,252791,"Kirkuk Crude Oil Exports via Ceyhan, Turkey – November 2025",SOMO aylık rapor PDF r108_1787051526185-9ab7875f57c7765a.pdf (s. 2)
2025-12,Basra,Basrah Heavy,37526605,31,1210536,Basrah Heavy Crude Oil Exports – December 2025,SOMO aylık rapor PDF r109_1787051463498-506d825e69d6af2f.pdf (s. 3)
2025-12,Basra,Basrah Medium,62893443,31,2028821,Basrah Medium Crude Oil Exports – December 2025,SOMO aylık rapor PDF r109_1787051463498-506d825e69d6af2f.pdf (s. 1)
2025-12,Ceyhan,Kirkuk,5997527,31,193469,"Kirkuk Crude Oil Exports via Ceyhan, Turkey – December 2025",SOMO aylık rapor PDF r109_1787051463498-506d825e69d6af2f.pdf (s. 3)
2025-12,Khor al-Zubair,Qaiyarah,923774,31,29799,"Qaiyarah Crude Oil Floater Tank  ""M/T ST1""  At Anchorage Area Nearby",SOMO aylık rapor PDF r109_1787051463498-506d825e69d6af2f.pdf (s. 4)
2026-01,Basra,Basrah Heavy,37630699,31,1213894,Basrah Heavy Crude Oil Exports – January 2026,SOMO aylık rapor PDF r110_1787051315564-4dcd3da37cdf0a81.pdf (s. 2)
2026-01,Basra,Basrah Medium,63529651,31,2049344,Basrah Medium Crude Oil Exports – January 2026,SOMO aylık rapor PDF r110_1787051315564-4dcd3da37cdf0a81.pdf (s. 1)
2026-01,Ceyhan,Kirkuk,6455871,31,208254,"Kirkuk Crude Oil Exports via Ceyhan, Turkey – January 2026",SOMO aylık rapor PDF r110_1787051315564-4dcd3da37cdf0a81.pdf (s. 2)
2026-02,Basra,Basrah Heavy,34020596,28,1215021,Basrah Heavy Crude Oil Exports – February 2026,SOMO aylık rapor PDF r111_1787051291231-ae7be3f016f88963.pdf (s. 2)
2026-02,Basra,Basrah Medium,59328884,28,2118889,Basrah Medium Crude Oil Exports – February 2026,SOMO aylık rapor PDF r111_1787051291231-ae7be3f016f88963.pdf (s. 1)
2026-02,Ceyhan,Kirkuk,5551610,28,198272,"Kirkuk Crude Oil Exports via Ceyhan, Turkey – February 2026",SOMO aylık rapor PDF r111_1787051291231-ae7be3f016f88963.pdf (s. 2)
2026-02,Khor al-Zubair,Qaiyarah,971130,28,34683,"Qaiyarah Crude Oil Floater Tank  ""M/T ST1""  At Anchorage Area Nearby Khor Al-",SOMO aylık rapor PDF r111_1787051291231-ae7be3f016f88963.pdf (s. 2)
2026-03,Basra,Basrah Heavy,3978347,31,128334,Basrah Heavy Crude Oil Exports – March 2026,SOMO aylık rapor PDF r112_1787051207834-82886a7a393d7302.pdf (s. 1)
2026-03,Basra,Basrah Medium,10583187,31,341393,Basrah Medium Crude Oil Exports – March 2026,SOMO aylık rapor PDF r112_1787051207834-82886a7a393d7302.pdf (s. 1)
2026-03,Ceyhan,(KRG) Kirkuk,1271200,31,41006,"(KRG) Kirkuk Crude Oil Exports via Ceyhan, Turkey – March 2026",SOMO aylık rapor PDF r112_1787051207834-82886a7a393d7302.pdf (s. 1)
2026-03,Ceyhan,Kirkuk,2772217,31,89426,"Kirkuk Crude Oil Exports via Ceyhan, Turkey – March 2026",SOMO aylık rapor PDF r112_1787051207834-82886a7a393d7302.pdf (s. 1)
2026-04,Basra,Basra (toplam),4587610,30,152920,,"SOMO ihracat grafiği (somooil.gov.iq/en/exports/chart, 24 Eylül 2026); bu ay için aylık PDF yok; Basra toplamı"
2026-04,Ceyhan,(KRG) Kirkuk,339064,30,11302,,"SOMO ihracat grafiği (somooil.gov.iq/en/exports/chart, 24 Eylül 2026); bu ay için aylık PDF yok; çıkış noktası Mart 2026 PDF eşlemesine göre varsayıldı"
2026-04,Ceyhan,Kirkuk,4957456,30,165249,,"SOMO ihracat grafiği (somooil.gov.iq/en/exports/chart, 24 Eylül 2026); bu ay için aylık PDF yok; çıkış noktası Mart 2026 PDF eşlemesine göre varsayıldı"
2026-05,Basra,Basra (toplam),2439800,31,78703,,"SOMO ihracat grafiği (somooil.gov.iq/en/exports/chart, 24 Eylül 2026); bu ay için aylık PDF yok; Basra toplamı"
2026-05,Ceyhan,Kirkuk,5193597,31,167535,,"SOMO ihracat grafiği (somooil.gov.iq/en/exports/chart, 24 Eylül 2026); bu ay için aylık PDF yok; çıkış noktası Mart 2026 PDF eşlemesine göre varsayıldı"
2026-06,Basra,Basra (toplam),17799036,30,593301,,"SOMO ihracat grafiği (somooil.gov.iq/en/exports/chart, 24 Eylül 2026); bu ay için aylık PDF yok; Basra toplamı"
2026-06,Ceyhan,(KRG) Kirkuk,1564625,30,52154,,"SOMO ihracat grafiği (somooil.gov.iq/en/exports/chart, 24 Eylül 2026); bu ay için aylık PDF yok; çıkış noktası Mart 2026 PDF eşlemesine göre varsayıldı"
2026-06,Ceyhan,Kirkuk,5117619,30,170587,,"SOMO ihracat grafiği (somooil.gov.iq/en/exports/chart, 24 Eylül 2026); bu ay için aylık PDF yok; çıkış noktası Mart 2026 PDF eşlemesine göre varsayıldı"
2026-08,Basra,Basrah Heavy,14052339,31,453301,Basrah Heavy Crude Oil Exports for August 2026,SOMO aylık rapor PDF r115_1788685433113-63ee0a7ef17ba282.pdf (s. 2)
2026-08,Basra,Basrah Medium,55702595,31,1796858,Basrah Medium Crude Oil Exports for August 2026,SOMO aylık rapor PDF r115_1788685433113-63ee0a7ef17ba282.pdf (s. 1)
2026-08,Ceyhan,(KRG) Kirkuk,2173016,31,70097,"(KRG) Kirkuk Crude Oil Exports via Ceyhan, Turkey for August 2026",SOMO aylık rapor PDF r115_1788685433113-63ee0a7ef17ba282.pdf (s. 2)
2026-08,Ceyhan,Kirkuk,1759667,31,56763,"Kirkuk Crude Oil Exports via Ceyhan, Turkey for August 2026",SOMO aylık rapor PDF r115_1788685433113-63ee0a7ef17ba282.pdf (s. 2)
